episode,return,steps,epsilon,end_reason
1,-111.31,122,1.0,enemy
2,-111.09,600,0.9995,timeout
3,-109.4,600,0.9989,timeout
4,-59.05,600,0.9984,timeout
5,-113.21,600,0.9978,timeout
6,-57.53,600,0.9973,timeout
7,-156.21,600,0.9967,timeout
8,-69.09,600,0.9962,timeout
9,-198.83,600,0.9956,timeout
10,-201.76,600,0.9951,timeout
11,-451.69,600,0.9946,timeout
12,-85.76,600,0.994,timeout
13,-469.23,600,0.9935,timeout
14,-122.31,600,0.9929,timeout
15,-62.25,600,0.9924,timeout
16,-136.93,237,0.9918,enemy
17,-188.72,600,0.9913,timeout
18,-162.41,600,0.9907,timeout
19,-180.22,600,0.9902,timeout
20,-74.11,600,0.9897,timeout
21,-82.95,600,0.9891,timeout
22,-154.17,600,0.9886,timeout
23,-475.73,600,0.988,timeout
24,-213.25,600,0.9875,timeout
25,-79.11,600,0.9869,timeout
26,-68.69,600,0.9864,timeout
27,-68.11,600,0.9858,timeout
28,-144.02,400,0.9853,enemy
29,-100.1,1,0.9848,enemy
30,-61.74,600,0.9842,timeout
31,-95.99,600,0.9837,timeout
32,-217.17,600,0.9831,timeout
33,-74.52,600,0.9826,timeout
34,-44.76,600,0.982,timeout
35,-121.63,248,0.9815,enemy
36,-107.77,582,0.9809,enemy
37,-79.94,600,0.9804,timeout
38,-80.61,600,0.9799,timeout
39,-118.56,234,0.9793,enemy
40,-216.2,600,0.9788,timeout
41,-64.2,600,0.9782,timeout
42,-117.97,600,0.9777,timeout
43,-70.99,600,0.9771,timeout
44,-229.85,600,0.9766,timeout
45,-52.08,600,0.976,timeout
46,-65.1,600,0.9755,timeout
47,-107.11,432,0.975,enemy
48,-55.07,600,0.9744,timeout
49,-113.54,600,0.9739,timeout
50,-213.65,600,0.9733,timeout
51,-391.43,600,0.9728,timeout
52,-119.11,600,0.9722,enemy
53,-100.1,1,0.9717,enemy
54,-174.17,600,0.9711,timeout
55,-106.71,600,0.9706,timeout
56,-86.92,600,0.9701,timeout
57,-315.43,600,0.9695,timeout
58,-82.12,600,0.969,timeout
59,-113.13,600,0.9684,timeout
60,-146.09,287,0.9679,enemy
61,-104.68,600,0.9673,timeout
62,-153.54,600,0.9668,timeout
63,-286.04,600,0.9662,timeout
64,-34.85,600,0.9657,timeout
65,-94.49,358,0.9652,enemy
66,-128.71,600,0.9646,timeout
67,-81.44,290,0.9641,enemy
68,-80.63,288,0.9635,enemy
69,-79.97,600,0.963,timeout
70,-458.89,600,0.9624,timeout
71,-87.99,600,0.9619,timeout
72,-59.39,600,0.9613,timeout
73,-75.55,186,0.9608,enemy
74,-116.86,163,0.9603,enemy
75,-62.91,600,0.9597,timeout
76,-81.88,600,0.9592,timeout
77,-143.43,410,0.9586,enemy
78,-402.25,600,0.9581,timeout
79,-82.84,600,0.9575,timeout
80,-88.24,600,0.957,timeout
81,-88.1,600,0.9564,timeout
82,-122.45,230,0.9559,enemy
83,-153.06,598,0.9554,enemy
84,-109.43,579,0.9548,enemy
85,-549.3,600,0.9543,timeout
86,-74.74,600,0.9537,timeout
87,-245.2,600,0.9532,timeout
88,-61.08,600,0.9526,timeout
89,-140.58,286,0.9521,enemy
90,-433.45,419,0.9515,enemy
91,-63.96,600,0.951,timeout
92,-81.64,600,0.9505,timeout
93,-76.78,600,0.9499,timeout
94,-87.99,600,0.9494,timeout
95,-82.48,600,0.9488,timeout
96,-202.83,600,0.9483,timeout
97,-115.52,585,0.9477,enemy
98,-112.52,179,0.9472,enemy
99,-149.07,600,0.9466,timeout
100,-545.72,592,0.9461,enemy
101,-225.09,442,0.9456,enemy
102,-43.21,600,0.945,timeout
103,-114.95,599,0.9445,enemy
104,-314.51,600,0.9439,timeout
105,-98.53,600,0.9434,timeout
106,-52.83,600,0.9428,timeout
107,-223.8,600,0.9423,timeout
108,-87.47,600,0.9417,timeout
109,-100.94,423,0.9412,enemy
110,-80.03,600,0.9407,timeout
111,-420.11,599,0.9401,enemy
112,-62.34,600,0.9396,timeout
113,-88.68,600,0.939,timeout
114,-137.02,414,0.9385,enemy
115,-78.39,600,0.9379,timeout
116,-135.95,540,0.9374,enemy
117,-121.44,577,0.9368,enemy
118,-87.4,600,0.9363,timeout
119,-89.38,600,0.9358,timeout
120,-85.83,600,0.9352,timeout
121,-91.27,600,0.9347,timeout
122,-53.2,600,0.9341,timeout
123,-69.29,600,0.9336,timeout
124,-106.77,580,0.933,enemy
125,-148.75,461,0.9325,enemy
126,-116.03,533,0.9319,enemy
127,-84.46,600,0.9314,timeout
128,-86.39,600,0.9309,timeout
129,-105.54,119,0.9303,enemy
130,-87.84,600,0.9298,timeout
131,-96.8,420,0.9292,enemy
132,-144.53,600,0.9287,timeout
133,-392.51,438,0.9281,enemy
134,-62.71,600,0.9276,timeout
135,-82.69,299,0.927,enemy
136,-57.74,600,0.9265,timeout
137,-212.9,600,0.926,timeout
138,-78.35,600,0.9254,timeout
139,-123.62,299,0.9249,enemy
140,-86.9,600,0.9243,timeout
141,-171.8,400,0.9238,enemy
142,-452.63,472,0.9232,enemy
143,-199.32,600,0.9227,timeout
144,-183.66,183,0.9221,enemy
145,-190.34,600,0.9216,timeout
146,-154.83,315,0.9211,enemy
147,-42.64,600,0.9205,timeout
148,-83.79,600,0.92,timeout
149,-72.69,600,0.9194,timeout
150,-85.77,600,0.9189,timeout
151,-86.99,600,0.9183,timeout
152,-155.7,233,0.9178,enemy
153,-155.89,414,0.9172,enemy
154,-74.4,600,0.9167,timeout
155,-120.7,235,0.9162,enemy
156,-87.44,600,0.9156,timeout
157,-133.74,345,0.9151,enemy
158,-287.3,600,0.9145,timeout
159,-365.01,600,0.914,timeout
160,-75.19,600,0.9134,timeout
161,-123.09,600,0.9129,timeout
162,-424.03,600,0.9123,timeout
163,-55.72,600,0.9118,timeout
164,-270.19,600,0.9113,timeout
165,-106.95,600,0.9107,timeout
166,-86.18,600,0.9102,timeout
167,-114.19,597,0.9096,enemy
168,-81.89,294,0.9091,enemy
169,-86.98,600,0.9085,timeout
170,-160.64,595,0.908,enemy
171,-121.08,600,0.9074,timeout
172,-87.92,600,0.9069,timeout
173,-169.08,600,0.9064,timeout
174,-85.84,600,0.9058,timeout
175,-82.23,600,0.9053,timeout
176,-332.58,411,0.9047,enemy
177,-39.41,600,0.9042,timeout
178,-172.45,600,0.9036,timeout
179,-570.67,600,0.9031,timeout
180,-88.29,600,0.9025,timeout
181,-51.22,600,0.902,timeout
182,-74.5,600,0.9015,timeout
183,-84.26,600,0.9009,timeout
184,-78.23,600,0.9004,timeout
185,-85.78,600,0.8998,timeout
186,-236.04,411,0.8993,enemy
187,-535.08,600,0.8987,timeout
188,-99.39,475,0.8982,enemy
189,-100.0,304,0.8976,enemy
190,-80.94,600,0.8971,timeout
191,-86.91,600,0.8966,timeout
192,-87.99,600,0.896,timeout
193,-299.47,600,0.8955,timeout
194,-109.15,600,0.8949,timeout
195,-80.53,600,0.8944,timeout
196,-139.18,580,0.8938,enemy
197,-227.47,600,0.8933,timeout
198,-105.24,531,0.8927,enemy
199,-83.16,354,0.8922,enemy
200,-86.32,600,0.8917,timeout
201,-77.41,244,0.8911,enemy
202,-69.38,223,0.8906,enemy
203,-86.89,600,0.89,timeout
204,-92.12,600,0.8895,timeout
205,-308.45,594,0.8889,enemy
206,-271.26,474,0.8884,enemy
207,-72.73,600,0.8878,timeout
208,-78.9,600,0.8873,timeout
209,-484.61,600,0.8868,timeout
210,-245.63,300,0.8862,enemy
211,-270.07,312,0.8857,enemy
212,-57.46,600,0.8851,timeout
213,-80.18,600,0.8846,timeout
214,-72.99,600,0.884,timeout
215,-102.01,485,0.8835,enemy
216,-102.66,523,0.8829,enemy
217,-238.63,600,0.8824,timeout
218,-84.58,600,0.8819,timeout
219,-207.09,417,0.8813,enemy
220,-299.38,600,0.8808,timeout
221,-84.17,352,0.8802,enemy
222,-0.46,480,0.8797,enemy
223,-106.13,294,0.8791,enemy
224,-191.98,600,0.8786,timeout
225,-274.31,600,0.878,timeout
226,-380.73,528,0.8775,enemy
227,-280.1,354,0.877,enemy
228,-60.28,104,0.8764,enemy
229,-110.79,107,0.8759,enemy
230,-84.63,600,0.8753,timeout
231,-80.18,600,0.8748,timeout
232,-322.28,591,0.8742,enemy
233,-81.83,600,0.8737,timeout
234,-397.28,581,0.8731,enemy
235,-353.9,600,0.8726,timeout
236,-103.67,524,0.8721,enemy
237,-525.35,600,0.8715,timeout
238,-432.44,600,0.871,timeout
239,-314.53,402,0.8704,enemy
240,-434.62,539,0.8699,enemy
241,-78.82,239,0.8693,enemy
242,-281.66,600,0.8688,timeout
243,-346.31,600,0.8682,timeout
244,-242.79,600,0.8677,timeout
245,-326.58,600,0.8672,timeout
246,-439.04,600,0.8666,timeout
247,-75.07,600,0.8661,timeout
248,-413.79,600,0.8655,timeout
249,-80.71,600,0.865,timeout
250,-84.01,600,0.8644,timeout
251,-48.9,600,0.8639,timeout
252,-44.05,600,0.8633,timeout
253,-80.71,600,0.8628,timeout
254,-99.28,357,0.8623,enemy
255,-80.8,600,0.8617,timeout
256,-147.36,453,0.8612,enemy
257,-86.96,600,0.8606,timeout
258,-84.19,600,0.8601,timeout
259,-329.74,479,0.8595,enemy
260,-60.51,600,0.859,timeout
261,-60.46,600,0.8584,timeout
262,-610.48,600,0.8579,timeout
263,-316.35,471,0.8574,enemy
264,-88.81,380,0.8568,enemy
265,-59.38,600,0.8563,timeout
266,-84.48,300,0.8557,enemy
267,-111.28,178,0.8552,enemy
268,-336.63,435,0.8546,enemy
269,-438.54,579,0.8541,enemy
270,-107.34,108,0.8535,enemy
271,-309.25,417,0.853,enemy
272,-87.2,296,0.8525,enemy
273,-61.13,600,0.8519,timeout
274,-298.06,537,0.8514,enemy
275,-439.94,536,0.8508,enemy
276,-66.54,172,0.8503,enemy
277,-458.56,600,0.8497,timeout
278,-81.97,600,0.8492,timeout
279,-80.27,600,0.8486,timeout
280,-93.34,412,0.8481,enemy
281,-84.2,600,0.8476,timeout
282,-215.8,600,0.847,enemy
283,-594.78,600,0.8465,timeout
284,-213.09,600,0.8459,timeout
285,-195.93,292,0.8454,enemy
286,-119.99,350,0.8448,enemy
287,-102.86,463,0.8443,enemy
288,-79.04,241,0.8437,enemy
289,-80.22,600,0.8432,timeout
290,-55.96,600,0.8427,timeout
291,-97.26,423,0.8421,enemy
292,-80.07,600,0.8416,timeout
293,-216.17,600,0.841,timeout
294,-430.78,472,0.8405,enemy
295,-97.71,422,0.8399,enemy
296,-95.87,418,0.8394,enemy
297,-249.61,467,0.8388,enemy
298,-78.25,241,0.8383,enemy
299,-85.87,600,0.8378,timeout
300,-424.74,476,0.8372,enemy
301,-89.01,600,0.8367,timeout
302,-414.79,541,0.8361,enemy
303,-87.08,600,0.8356,timeout
304,-79.94,600,0.835,timeout
305,-267.16,412,0.8345,enemy
306,-87.67,600,0.8339,timeout
307,-112.87,594,0.8334,enemy
308,-87.46,600,0.8329,timeout
309,-76.11,600,0.8323,timeout
310,-105.96,600,0.8318,timeout
311,-217.35,600,0.8312,timeout
312,-100.47,404,0.8307,enemy
313,-394.39,589,0.8301,enemy
314,-180.59,600,0.8296,timeout
315,-162.29,600,0.829,timeout
316,-87.98,600,0.8285,timeout
317,-360.82,600,0.828,timeout
318,-123.71,600,0.8274,timeout
319,-72.21,183,0.8269,enemy
320,-109.44,580,0.8263,enemy
321,-363.77,535,0.8258,enemy
322,-229.43,600,0.8252,timeout
323,-158.79,413,0.8247,enemy
324,-94.39,357,0.8241,enemy
325,-98.08,600,0.8236,timeout
326,-112.55,173,0.8231,enemy
327,-183.94,475,0.8225,enemy
328,-102.39,600,0.822,timeout
329,-119.09,240,0.8214,enemy
330,-82.0,600,0.8209,timeout
331,-91.02,346,0.8203,enemy
332,-159.76,470,0.8198,enemy
333,-84.21,600,0.8192,timeout
334,-87.65,600,0.8187,timeout
335,-87.46,600,0.8182,timeout
336,-87.63,600,0.8176,timeout
337,-104.04,600,0.8171,timeout
338,-196.8,600,0.8165,timeout
339,-37.52,600,0.816,timeout
340,-87.57,600,0.8154,timeout
341,-80.38,600,0.8149,timeout
342,-91.44,403,0.8143,enemy
343,-87.47,600,0.8138,timeout
344,-79.96,600,0.8133,timeout
345,-238.41,534,0.8127,enemy
346,-99.16,468,0.8122,enemy
347,-85.77,600,0.8116,timeout
348,-102.85,498,0.8111,enemy
349,-262.38,600,0.8105,timeout
350,-55.83,600,0.81,timeout
351,-352.0,600,0.8094,timeout
352,-85.93,600,0.8089,timeout
353,-156.1,600,0.8084,timeout
354,0.0,1,0.8078,enemy
355,-165.12,301,0.8073,enemy
356,-127.46,600,0.8067,timeout
357,-279.81,534,0.8062,enemy
358,-290.08,353,0.8056,enemy
359,-61.82,157,0.8051,enemy
360,-188.3,600,0.8045,timeout
361,-217.06,299,0.804,enemy
362,-86.65,600,0.8035,timeout
363,-294.88,362,0.8029,enemy
364,-308.35,476,0.8024,enemy
365,-58.04,600,0.8018,timeout
366,-76.91,283,0.8013,enemy
367,-84.68,600,0.8007,timeout
368,-216.93,405,0.8002,enemy
369,-150.33,300,0.7996,enemy
370,-116.99,589,0.7991,enemy
371,-88.89,348,0.7986,enemy
372,-508.48,589,0.798,enemy
373,-106.62,467,0.7975,enemy
374,-124.27,299,0.7969,enemy
375,-71.44,221,0.7964,enemy
376,-93.99,405,0.7958,enemy
377,-100.2,1,0.7953,enemy
378,-322.15,532,0.7947,enemy
379,-87.69,600,0.7942,timeout
380,-343.21,453,0.7937,enemy
381,-69.24,171,0.7931,enemy
382,-238.36,537,0.7926,enemy
383,-219.48,345,0.792,enemy
384,-93.55,349,0.7915,enemy
385,-88.47,600,0.7909,timeout
386,-211.0,375,0.7904,enemy
387,-54.97,600,0.7898,timeout
388,-135.24,298,0.7893,enemy
389,-105.93,600,0.7888,timeout
390,-73.85,169,0.7882,enemy
391,-305.66,483,0.7877,enemy
392,-70.97,178,0.7871,enemy
393,-230.05,590,0.7866,enemy
394,-112.39,433,0.786,enemy
395,-179.58,240,0.7855,enemy
396,-229.92,359,0.7849,enemy
397,-78.76,292,0.7844,enemy
398,-346.29,463,0.7839,enemy
399,-100.14,1,0.7833,enemy
400,-80.6,293,0.7828,enemy
401,-247.41,285,0.7822,enemy
402,-100.1,1,0.7817,enemy
403,30.43,168,0.7811,enemy
404,-97.09,423,0.7806,enemy
405,-123.07,301,0.78,enemy
406,-106.85,487,0.7795,enemy
407,-54.21,600,0.779,timeout
408,-274.81,365,0.7784,enemy
409,-302.54,600,0.7779,timeout
410,-84.72,600,0.7773,timeout
411,-88.41,357,0.7768,enemy
412,-425.81,600,0.7762,timeout
413,-278.62,477,0.7757,enemy
414,-128.02,600,0.7751,timeout
415,-70.46,600,0.7746,timeout
416,-75.54,165,0.7741,enemy
417,-62.49,150,0.7735,enemy
418,-347.46,405,0.773,enemy
419,-84.0,343,0.7724,enemy
420,-143.48,278,0.7719,enemy
421,-82.67,301,0.7713,enemy
422,-112.63,593,0.7708,enemy
423,-91.38,348,0.7702,enemy
424,-258.05,530,0.7697,enemy
425,-204.71,600,0.7692,timeout
426,-84.81,350,0.7686,enemy
427,-273.55,510,0.7681,enemy
428,-232.98,460,0.7675,enemy
429,-36.91,600,0.767,timeout
430,-112.2,600,0.7664,timeout
431,-73.18,220,0.7659,enemy
432,-162.69,355,0.7653,enemy
433,-79.99,600,0.7648,timeout
434,-87.09,373,0.7643,enemy
435,-277.72,480,0.7637,enemy
436,-252.66,462,0.7632,enemy
437,-258.33,533,0.7626,enemy
438,-94.51,418,0.7621,enemy
439,-97.01,467,0.7615,enemy
440,-81.8,292,0.761,enemy
441,-357.99,419,0.7604,enemy
442,-195.21,465,0.7599,enemy
443,-147.97,304,0.7594,enemy
444,-102.96,65,0.7588,enemy
445,-232.72,416,0.7583,enemy
446,-233.69,600,0.7577,timeout
447,-83.09,600,0.7572,timeout
448,-130.9,466,0.7566,enemy
449,-82.55,300,0.7561,enemy
450,-280.86,600,0.7555,timeout
451,-91.52,363,0.755,enemy
452,-53.16,600,0.7545,timeout
453,-97.3,514,0.7539,enemy
454,-79.99,600,0.7534,timeout
455,-151.49,600,0.7528,timeout
456,-303.45,534,0.7523,enemy
457,-230.8,426,0.7517,enemy
458,-278.54,347,0.7512,enemy
459,-84.34,600,0.7506,timeout
460,-225.43,600,0.7501,timeout
461,0.0,1,0.7496,enemy
462,-112.89,480,0.749,enemy
463,-75.91,232,0.7485,enemy
464,-70.62,220,0.7479,enemy
465,-87.44,600,0.7474,timeout
466,-54.38,600,0.7468,timeout
467,-74.9,278,0.7463,enemy
468,-249.87,587,0.7457,enemy
469,-82.07,600,0.7452,timeout
470,-81.71,600,0.7447,timeout
471,-100.59,488,0.7441,enemy
472,-163.37,600,0.7436,timeout
473,-208.84,600,0.743,timeout
474,-152.08,242,0.7425,enemy
475,-287.88,419,0.7419,enemy
476,-99.76,483,0.7414,enemy
477,-82.52,600,0.7408,timeout
478,-85.75,600,0.7403,timeout
479,-87.11,600,0.7398,timeout
480,-181.49,424,0.7392,enemy
481,-72.09,224,0.7387,enemy
482,-80.21,288,0.7381,enemy
483,-83.58,600,0.7376,timeout
484,-80.01,600,0.737,timeout
485,-249.21,474,0.7365,enemy
486,-84.16,600,0.7359,timeout
487,-209.66,413,0.7354,enemy
488,-264.34,541,0.7349,enemy
489,-71.29,600,0.7343,timeout
490,-259.12,355,0.7338,enemy
491,-221.05,540,0.7332,enemy
492,-149.51,227,0.7327,enemy
493,-92.31,408,0.7321,enemy
494,-233.44,400,0.7316,enemy
495,-79.95,600,0.731,timeout
496,-81.73,600,0.7305,timeout
497,-87.19,600,0.73,timeout
498,-279.27,294,0.7294,enemy
499,-73.66,182,0.7289,enemy
500,-100.17,1,0.7283,enemy
501,-81.55,236,0.7278,enemy
502,-79.94,600,0.7272,timeout
503,-179.22,392,0.7267,enemy
504,-84.05,180,0.7261,enemy
505,-79.97,600,0.7256,timeout
506,-90.66,223,0.7251,enemy
507,-86.93,600,0.7245,timeout
508,-78.57,288,0.724,enemy
509,-85.75,600,0.7234,timeout
510,-81.98,600,0.7229,timeout
511,-58.4,600,0.7223,timeout
512,-215.28,528,0.7218,enemy
513,-74.68,225,0.7212,enemy
514,-362.06,519,0.7207,enemy
515,-59.27,109,0.7202,enemy
516,-80.09,600,0.7196,timeout
517,-80.43,600,0.7191,timeout
518,-195.35,349,0.7185,enemy
519,-171.83,186,0.718,enemy
520,-73.61,600,0.7174,timeout
521,-85.79,600,0.7169,timeout
522,-193.4,591,0.7163,enemy
523,-230.66,349,0.7158,enemy
524,-266.69,598,0.7153,enemy
525,-355.25,578,0.7147,enemy
526,-136.0,288,0.7142,enemy
527,-294.58,600,0.7136,timeout
528,-63.18,157,0.7131,enemy
529,-162.79,600,0.7125,timeout
530,-423.09,489,0.712,enemy
531,-173.83,403,0.7114,enemy
532,-100.97,488,0.7109,enemy
533,-92.49,463,0.7104,enemy
534,-110.29,588,0.7098,enemy
535,-343.6,600,0.7093,timeout
536,-301.13,298,0.7087,enemy
537,-100.2,1,0.7082,enemy
538,-66.75,123,0.7076,enemy
539,-100.17,1,0.7071,enemy
540,-220.15,299,0.7065,enemy
541,-218.46,519,0.706,enemy
542,-101.66,477,0.7055,enemy
543,-82.11,286,0.7049,enemy
544,-100.17,1,0.7044,enemy
545,-111.59,485,0.7038,enemy
546,-102.9,385,0.7033,enemy
547,-65.37,123,0.7027,enemy
548,-160.23,250,0.7022,enemy
549,-60.96,116,0.7016,enemy
550,-108.63,539,0.7011,enemy
551,-247.05,357,0.7006,enemy
552,-89.02,347,0.7,enemy
553,-105.4,531,0.6995,enemy
554,-79.99,600,0.6989,timeout
555,-184.67,600,0.6984,timeout
556,-281.03,401,0.6978,enemy
557,-265.0,416,0.6973,enemy
558,-112.77,179,0.6967,enemy
559,-102.19,418,0.6962,enemy
560,-22.21,170,0.6957,enemy
561,-347.6,600,0.6951,timeout
562,-99.79,473,0.6946,enemy
563,-158.43,532,0.694,enemy
564,-275.26,400,0.6935,enemy
565,-138.84,600,0.6929,timeout
566,-246.73,294,0.6924,enemy
567,-136.54,413,0.6918,enemy
568,-99.73,62,0.6913,enemy
569,-251.73,284,0.6908,enemy
570,-151.77,600,0.6902,timeout
571,-75.81,277,0.6897,enemy
572,-72.17,600,0.6891,timeout
573,-231.73,300,0.6886,enemy
574,-82.83,295,0.688,enemy
575,-78.95,232,0.6875,enemy
576,-118.71,534,0.6869,enemy
577,-36.91,600,0.6864,timeout
578,-276.51,523,0.6859,enemy
579,-84.92,344,0.6853,enemy
580,-148.01,181,0.6848,enemy
581,-64.46,112,0.6842,enemy
582,-190.83,226,0.6837,enemy
583,-100.1,1,0.6831,enemy
584,44.28,165,0.6826,enemy
585,-190.39,240,0.682,enemy
586,-98.05,523,0.6815,enemy
587,-65.33,124,0.681,enemy
588,-117.43,600,0.6804,timeout
589,-140.05,294,0.6799,enemy
590,-86.16,600,0.6793,timeout
591,-165.75,232,0.6788,enemy
592,-178.54,387,0.6782,enemy
593,-80.37,600,0.6777,timeout
594,-86.91,600,0.6771,timeout
595,-226.15,291,0.6766,enemy
596,-83.24,240,0.6761,enemy
597,-207.51,297,0.6755,enemy
598,-216.72,594,0.675,enemy
599,-97.46,467,0.6744,enemy
600,-208.0,304,0.6739,enemy
601,-134.32,600,0.6733,timeout
602,-104.39,523,0.6728,enemy
603,-63.16,111,0.6722,enemy
604,-83.89,297,0.6717,enemy
605,-77.82,600,0.6712,timeout
606,-85.82,600,0.6706,timeout
607,-117.26,175,0.6701,enemy
608,-79.6,291,0.6695,enemy
609,-84.17,600,0.669,timeout
610,-85.49,334,0.6684,enemy
611,-265.8,532,0.6679,enemy
612,-59.84,600,0.6673,timeout
613,-168.45,225,0.6668,enemy
614,-181.05,465,0.6663,enemy
615,-249.96,532,0.6657,enemy
616,-88.98,600,0.6652,timeout
617,-80.03,600,0.6646,timeout
618,-288.25,482,0.6641,enemy
619,-139.82,600,0.6635,timeout
620,-92.83,411,0.663,enemy
621,-61.11,600,0.6624,timeout
622,-122.24,402,0.6619,enemy
623,-57.5,600,0.6614,timeout
624,-92.72,460,0.6608,enemy
625,-83.01,303,0.6603,enemy
626,-98.21,473,0.6597,enemy
627,-182.13,290,0.6592,enemy
628,-118.34,175,0.6586,enemy
629,-70.44,223,0.6581,enemy
630,-87.51,600,0.6575,timeout
631,-135.16,600,0.657,timeout
632,-86.0,600,0.6565,timeout
633,-170.4,517,0.6559,enemy
634,-32.91,600,0.6554,timeout
635,-163.47,285,0.6548,enemy
636,-241.48,531,0.6543,enemy
637,-196.57,300,0.6537,enemy
638,-100.14,1,0.6532,enemy
639,-85.54,356,0.6526,enemy
640,-269.2,454,0.6521,enemy
641,-82.1,600,0.6516,timeout
642,-180.89,231,0.651,enemy
643,-182.82,403,0.6505,enemy
644,-244.5,223,0.6499,enemy
645,-193.12,300,0.6494,enemy
646,-94.17,291,0.6488,enemy
647,-84.24,600,0.6483,timeout
648,-206.95,594,0.6477,enemy
649,32.47,166,0.6472,enemy
650,-66.74,165,0.6467,enemy
651,-89.55,373,0.6461,enemy
652,-146.04,474,0.6456,enemy
653,-84.96,600,0.645,timeout
654,-257.81,359,0.6445,enemy
655,-113.84,599,0.6439,enemy
656,-151.86,354,0.6434,enemy
657,-76.61,600,0.6428,timeout
658,-84.18,600,0.6423,timeout
659,-79.52,600,0.6418,timeout
660,-109.81,595,0.6412,enemy
661,-193.62,294,0.6407,enemy
662,-190.7,287,0.6401,enemy
663,-87.47,600,0.6396,timeout
664,-100.7,518,0.639,enemy
665,-209.65,469,0.6385,enemy
666,-66.89,124,0.6379,enemy
667,-87.5,600,0.6374,timeout
668,-82.27,600,0.6369,timeout
669,-88.91,237,0.6363,enemy
670,-217.26,581,0.6358,enemy
671,-86.94,600,0.6352,timeout
672,-204.7,344,0.6347,enemy
673,-203.29,238,0.6341,enemy
674,-237.88,361,0.6336,enemy
675,-68.42,174,0.633,enemy
676,-179.55,170,0.6325,enemy
677,-86.88,600,0.632,timeout
678,-98.81,411,0.6314,enemy
679,-190.24,289,0.6309,enemy
680,-66.79,600,0.6303,timeout
681,-168.16,531,0.6298,enemy
682,-82.1,600,0.6292,timeout
683,-84.19,600,0.6287,timeout
684,-126.05,290,0.6281,enemy
685,-55.36,600,0.6276,timeout
686,-102.0,526,0.6271,enemy
687,-180.96,466,0.6265,enemy
688,-168.3,361,0.626,enemy
689,-65.89,122,0.6254,enemy
690,-86.5,287,0.6249,enemy
691,-107.77,537,0.6243,enemy
692,-87.62,344,0.6238,enemy
693,-236.76,590,0.6232,enemy
694,-232.46,537,0.6227,enemy
695,-88.09,600,0.6222,timeout
696,-77.33,254,0.6216,enemy
697,-201.25,411,0.6211,enemy
698,-79.73,288,0.6205,enemy
699,-99.05,474,0.62,enemy
700,-70.77,192,0.6194,enemy
701,-67.65,123,0.6189,enemy
702,-101.0,475,0.6183,enemy
703,-110.69,583,0.6178,enemy
704,-71.46,600,0.6173,timeout
705,-100.75,478,0.6167,enemy
706,-127.65,226,0.6162,enemy
707,-87.02,600,0.6156,timeout
708,-83.48,600,0.6151,timeout
709,-87.74,600,0.6145,timeout
710,-194.25,543,0.614,enemy
711,-80.0,600,0.6134,timeout
712,-96.26,470,0.6129,enemy
713,-87.64,600,0.6124,timeout
714,-82.08,600,0.6118,timeout
715,-80.38,336,0.6113,enemy
716,-80.09,600,0.6107,timeout
717,-85.82,600,0.6102,timeout
718,-87.04,600,0.6096,timeout
719,-87.46,600,0.6091,timeout
720,-86.06,600,0.6085,timeout
721,-82.17,600,0.608,timeout
722,-84.18,600,0.6075,timeout
723,-234.6,460,0.6069,enemy
724,-189.29,600,0.6064,timeout
725,-83.65,308,0.6058,enemy
726,-189.75,461,0.6053,enemy
727,-198.58,422,0.6047,enemy
728,-198.07,459,0.6042,enemy
729,-86.08,600,0.6036,timeout
730,-82.54,600,0.6031,timeout
731,-148.02,351,0.6026,enemy
732,-86.98,600,0.602,timeout
733,-81.19,600,0.6015,timeout
734,-211.08,364,0.6009,enemy
735,-96.01,289,0.6004,enemy
736,-204.33,470,0.5998,enemy
737,-158.93,345,0.5993,enemy
738,-93.2,229,0.5987,enemy
739,-128.78,239,0.5982,enemy
740,-217.21,402,0.5977,enemy
741,108.49,600,0.5971,success
742,-179.67,182,0.5966,enemy
743,-100.14,1,0.596,enemy
744,-80.38,600,0.5955,timeout
745,-87.09,600,0.5949,timeout
746,-218.21,403,0.5944,enemy
747,-85.91,600,0.5938,timeout
748,-75.07,600,0.5933,timeout
749,-87.59,600,0.5928,timeout
750,-206.02,244,0.5922,enemy
751,-185.05,189,0.5917,enemy
752,-185.26,409,0.5911,enemy
753,-84.45,300,0.5906,enemy
754,-78.62,600,0.59,timeout
755,-79.95,600,0.5895,timeout
756,-64.19,168,0.5889,enemy
757,-87.97,600,0.5884,timeout
758,-84.17,600,0.5879,timeout
759,-168.46,361,0.5873,enemy
760,-200.48,529,0.5868,enemy
761,-71.12,220,0.5862,enemy
762,-157.77,223,0.5857,enemy
763,-144.46,238,0.5851,enemy
764,-224.36,288,0.5846,enemy
765,-120.26,224,0.584,enemy
766,-137.07,168,0.5835,enemy
767,-107.62,122,0.583,enemy
768,-162.06,470,0.5824,enemy
769,-188.06,344,0.5819,enemy
770,-85.86,600,0.5813,timeout
771,-69.67,600,0.5808,timeout
772,-86.93,600,0.5802,timeout
773,-82.09,302,0.5797,enemy
774,-229.75,533,0.5791,enemy
775,-91.61,413,0.5786,enemy
776,-93.91,460,0.5781,enemy
777,-155.76,236,0.5775,enemy
778,-74.45,234,0.577,enemy
779,-88.16,401,0.5764,enemy
780,-197.76,592,0.5759,enemy
781,-166.42,232,0.5753,enemy
782,-97.83,515,0.5748,enemy
783,-87.55,600,0.5742,timeout
784,104.02,472,0.5737,success
785,-100.14,1,0.5732,enemy
786,-59.9,102,0.5726,enemy
787,-109.37,537,0.5721,enemy
788,-139.44,228,0.5715,enemy
789,-90.94,357,0.571,enemy
790,-80.39,279,0.5704,enemy
791,-100.14,1,0.5699,enemy
792,-168.8,531,0.5693,enemy
793,-118.63,470,0.5688,enemy
794,-108.09,591,0.5683,enemy
795,-132.63,286,0.5677,enemy
796,-188.93,600,0.5672,enemy
797,-99.99,526,0.5666,enemy
798,-119.13,402,0.5661,enemy
799,-146.55,237,0.5655,enemy
800,-69.85,182,0.565,enemy
801,-175.18,464,0.5644,enemy
802,-119.96,225,0.5639,enemy
803,-239.66,283,0.5634,enemy
804,-70.46,183,0.5628,enemy
805,-152.01,222,0.5623,enemy
806,-162.3,339,0.5617,enemy
807,-65.34,118,0.5612,enemy
808,-62.81,114,0.5606,enemy
809,-143.79,293,0.5601,enemy
810,-146.42,172,0.5595,enemy
811,-65.24,163,0.559,enemy
812,-58.4,111,0.5585,enemy
813,-66.62,121,0.5579,enemy
814,131.69,600,0.5574,success
815,-80.87,236,0.5568,enemy
816,-184.85,288,0.5563,enemy
817,-83.09,343,0.5557,enemy
818,-135.81,336,0.5552,enemy
819,-35.54,600,0.5546,timeout
820,-84.09,600,0.5541,timeout
821,-153.98,304,0.5536,enemy
822,-85.12,600,0.553,timeout
823,-73.55,231,0.5525,enemy
824,-152.22,238,0.5519,enemy
825,-76.43,235,0.5514,enemy
826,-65.59,164,0.5508,enemy
827,-67.37,173,0.5503,enemy
828,-81.59,240,0.5497,enemy
829,-63.57,116,0.5492,enemy
830,-95.59,465,0.5487,enemy
831,-65.45,126,0.5481,enemy
832,-164.17,283,0.5476,enemy
833,-163.04,354,0.547,enemy
834,-65.35,118,0.5465,enemy
835,-122.46,173,0.5459,enemy
836,-126.71,362,0.5454,enemy
837,-66.94,120,0.5448,enemy
838,-80.63,236,0.5443,enemy
839,-178.11,364,0.5438,enemy
840,-285.95,422,0.5432,enemy
841,-71.36,600,0.5427,timeout
842,-84.33,346,0.5421,enemy
843,-159.05,345,0.5416,enemy
844,-116.14,462,0.541,enemy
845,-158.89,392,0.5405,enemy
846,-74.07,237,0.5399,enemy
847,-140.51,231,0.5394,enemy
848,-65.11,121,0.5389,enemy
849,-164.7,239,0.5383,enemy
850,0.0,1,0.5378,enemy
851,-72.72,221,0.5372,enemy
852,-83.55,350,0.5367,enemy
853,-216.46,343,0.5361,enemy
854,-62.99,117,0.5356,enemy
855,-135.34,239,0.535,enemy
856,-72.58,181,0.5345,enemy
857,-136.06,341,0.534,enemy
858,-177.4,225,0.5334,enemy
859,-161.65,416,0.5329,enemy
860,-183.9,592,0.5323,enemy
861,-100.1,1,0.5318,enemy
862,-149.68,169,0.5312,enemy
863,-137.17,171,0.5307,enemy
864,-67.07,170,0.5301,enemy
865,-168.68,241,0.5296,enemy
866,-101.54,68,0.5291,enemy
867,-100.2,1,0.5285,enemy
868,-63.45,118,0.528,enemy
869,-154.35,419,0.5274,enemy
870,-84.35,600,0.5269,timeout
871,-81.37,295,0.5263,enemy
872,-116.55,579,0.5258,enemy
873,-72.42,227,0.5252,enemy
874,-121.68,362,0.5247,enemy
875,-145.05,538,0.5242,enemy
876,-63.88,159,0.5236,enemy
877,-102.76,415,0.5231,enemy
878,-353.65,555,0.5225,enemy
879,-60.55,59,0.522,enemy
880,-100.14,1,0.5214,enemy
881,-109.89,170,0.5209,enemy
882,-68.1,600,0.5203,timeout
883,-52.58,45,0.5198,enemy
884,-62.11,111,0.5193,enemy
885,-74.09,231,0.5187,enemy
886,-149.35,302,0.5182,enemy
887,-71.25,227,0.5176,enemy
888,-105.51,412,0.5171,enemy
889,-105.12,472,0.5165,enemy
890,-199.89,470,0.516,enemy
891,-151.5,300,0.5154,enemy
892,-180.7,341,0.5149,enemy
893,-119.67,177,0.5144,enemy
894,-94.79,429,0.5138,enemy
895,-115.16,178,0.5133,enemy
896,-143.14,179,0.5127,enemy
897,-72.21,177,0.5122,enemy
898,-100.17,1,0.5116,enemy
899,-85.95,600,0.5111,timeout
900,-80.86,600,0.5105,timeout
901,-79.94,600,0.51,timeout
902,-154.05,528,0.5095,enemy
903,-79.94,600,0.5089,timeout
904,-65.27,115,0.5084,enemy
905,-132.76,224,0.5078,enemy
906,-145.5,345,0.5073,enemy
907,-126.29,145,0.5067,enemy
908,-174.51,530,0.5062,enemy
909,-127.99,283,0.5056,enemy
910,-100.2,1,0.5051,enemy
911,-139.36,530,0.5046,enemy
912,-73.56,600,0.504,timeout
913,-141.94,472,0.5035,enemy
914,-126.83,283,0.5029,enemy
915,-143.55,235,0.5024,enemy
916,-59.63,600,0.5018,timeout
917,-85.82,600,0.5013,timeout
918,-56.12,600,0.5007,timeout
919,-108.14,542,0.5002,enemy
920,-85.83,600,0.4997,timeout
921,-103.75,521,0.4991,enemy
922,-155.64,586,0.4986,enemy
923,-205.95,282,0.498,enemy
924,-214.8,581,0.4975,enemy
925,-68.2,211,0.4969,enemy
926,-87.48,600,0.4964,timeout
927,-83.84,348,0.4958,enemy
928,-88.48,126,0.4953,enemy
929,-105.25,158,0.4948,enemy
930,-105.76,165,0.4942,enemy
931,-104.87,48,0.4937,enemy
932,-108.82,114,0.4931,enemy
933,-109.51,537,0.4926,enemy
934,-106.24,186,0.492,enemy
935,-78.73,600,0.4915,timeout
936,-82.68,600,0.4909,timeout
937,-120.53,163,0.4904,enemy
938,-119.53,230,0.4899,enemy
939,-100.1,1,0.4893,enemy
940,-81.48,333,0.4888,enemy
941,-153.03,251,0.4882,enemy
942,-102.37,169,0.4877,enemy
943,-112.06,229,0.4871,enemy
944,-175.29,532,0.4866,enemy
945,-143.52,238,0.486,enemy
946,-193.76,337,0.4855,enemy
947,-151.59,517,0.485,enemy
948,-60.8,60,0.4844,enemy
949,-83.22,311,0.4839,enemy
950,-188.45,469,0.4833,enemy
951,-224.77,469,0.4828,enemy
952,-97.76,478,0.4822,enemy
953,-142.05,169,0.4817,enemy
954,-128.79,177,0.4811,enemy
955,-63.52,165,0.4806,enemy
956,-179.34,283,0.4801,enemy
957,-108.78,172,0.4795,enemy
958,-66.62,167,0.479,enemy
959,-98.37,179,0.4784,enemy
960,-118.22,284,0.4779,enemy
961,-81.68,337,0.4773,enemy
962,-131.15,346,0.4768,enemy
963,-123.26,175,0.4762,enemy
964,-136.83,219,0.4757,enemy
965,-125.76,295,0.4752,enemy
966,-38.37,600,0.4746,timeout
967,-176.77,300,0.4741,enemy
968,-93.58,419,0.4735,enemy
969,-116.06,600,0.473,timeout
970,-128.15,171,0.4724,enemy
971,-112.8,165,0.4719,enemy
972,-130.98,232,0.4713,enemy
973,-86.89,600,0.4708,timeout
974,-87.38,600,0.4703,timeout
975,-84.26,600,0.4697,timeout
976,-86.94,600,0.4692,timeout
977,-108.93,299,0.4686,enemy
978,-87.47,600,0.4681,timeout
979,-84.51,600,0.4675,timeout
980,-85.82,600,0.467,timeout
981,-79.94,600,0.4664,timeout
982,-125.91,308,0.4659,enemy
983,-79.21,239,0.4654,enemy
984,-172.16,466,0.4648,enemy
985,-112.21,181,0.4643,enemy
986,-136.68,469,0.4637,enemy
987,-100.17,1,0.4632,enemy
988,-137.96,479,0.4626,enemy
989,-82.0,600,0.4621,timeout
990,-101.14,600,0.4615,timeout
991,-136.3,415,0.461,enemy
992,-112.55,236,0.4605,enemy
993,-70.18,221,0.4599,enemy
994,-99.25,357,0.4594,enemy
995,-93.47,425,0.4588,enemy
996,121.01,600,0.4583,success
997,-87.16,221,0.4577,enemy
998,-148.59,600,0.4572,timeout
999,-178.28,525,0.4566,enemy
1000,-85.75,600,0.4561,timeout
1001,-69.86,165,0.4556,enemy
1002,-68.1,174,0.455,enemy
1003,-182.77,600,0.4545,enemy
1004,-85.07,300,0.4539,enemy
1005,-79.79,224,0.4534,enemy
1006,-180.05,599,0.4528,enemy
1007,-119.24,236,0.4523,enemy
1008,-118.9,216,0.4517,enemy
1009,-91.14,600,0.4512,timeout
1010,-63.45,153,0.4507,enemy
1011,-100.1,1,0.4501,enemy
1012,-130.79,600,0.4496,timeout
1013,-272.55,578,0.449,enemy
1014,-213.8,600,0.4485,timeout
1015,-81.21,291,0.4479,enemy
1016,-66.07,128,0.4474,enemy
1017,-128.77,289,0.4468,enemy
1018,-189.15,460,0.4463,enemy
1019,-115.16,224,0.4458,enemy
1020,-100.84,1,0.4452,enemy
1021,-207.58,535,0.4447,enemy
1022,-135.35,238,0.4441,enemy
1023,-135.33,218,0.4436,enemy
1024,-127.5,165,0.443,enemy
1025,-153.15,228,0.4425,enemy
1026,-156.01,223,0.4419,enemy
1027,-110.07,165,0.4414,enemy
1028,-56.45,96,0.4409,enemy
1029,-151.84,236,0.4403,enemy
1030,-67.15,121,0.4398,enemy
1031,-87.97,357,0.4392,enemy
1032,-173.0,400,0.4387,enemy
1033,-114.12,484,0.4381,enemy
1034,-113.23,231,0.4376,enemy
1035,-145.06,348,0.437,enemy
1036,-145.05,184,0.4365,enemy
1037,-118.95,198,0.436,enemy
1038,-107.51,123,0.4354,enemy
1039,-149.69,191,0.4349,enemy
1040,-170.11,345,0.4343,enemy
1041,-90.77,116,0.4338,enemy
1042,-137.15,510,0.4332,enemy
1043,0.0,1,0.4327,enemy
1044,-80.78,600,0.4321,timeout
1045,-67.89,127,0.4316,enemy
1046,-74.53,600,0.4311,timeout
1047,-77.9,240,0.4305,enemy
1048,-139.08,289,0.43,enemy
1049,-87.23,600,0.4294,timeout
1050,-120.43,295,0.4289,enemy
1051,-100.14,1,0.4283,enemy
1052,-140.11,583,0.4278,enemy
1053,-72.13,188,0.4272,enemy
1054,-97.0,225,0.4267,enemy
1055,-212.94,595,0.4262,enemy
1056,-135.9,350,0.4256,enemy
1057,-172.71,297,0.4251,enemy
1058,-91.6,453,0.4245,enemy
1059,-87.46,600,0.424,timeout
1060,-32.11,600,0.4234,timeout
1061,-161.61,420,0.4229,enemy
1062,-84.59,392,0.4223,enemy
1063,-101.01,525,0.4218,enemy
1064,-87.45,600,0.4213,timeout
1065,-19.68,594,0.4207,enemy
1066,-84.14,600,0.4202,timeout
1067,-77.32,242,0.4196,enemy
1068,85.36,600,0.4191,success
1069,-171.44,600,0.4185,timeout
1070,-85.83,600,0.418,timeout
1071,-87.59,600,0.4174,timeout
1072,-110.85,598,0.4169,enemy
1073,-85.8,600,0.4164,timeout
1074,-71.35,184,0.4158,enemy
1075,-79.98,600,0.4153,timeout
1076,-87.01,600,0.4147,timeout
1077,-86.65,600,0.4142,timeout
1078,-79.97,600,0.4136,timeout
1079,-165.1,357,0.4131,enemy
1080,-199.41,408,0.4125,enemy
1081,-200.65,282,0.412,enemy
1082,-215.97,600,0.4115,timeout
1083,-56.71,81,0.4109,enemy
1084,-244.83,381,0.4104,enemy
1085,-100.1,1,0.4098,enemy
1086,-187.98,399,0.4093,enemy
1087,-87.67,111,0.4087,enemy
1088,-158.64,543,0.4082,enemy
1089,-116.23,402,0.4076,enemy
1090,-132.64,231,0.4071,enemy
1091,-173.85,531,0.4066,enemy
1092,-150.46,592,0.406,enemy
1093,-96.45,467,0.4055,enemy
1094,-101.1,239,0.4049,enemy
1095,-56.79,74,0.4044,enemy
1096,-138.24,415,0.4038,enemy
1097,-57.85,107,0.4033,enemy
1098,-60.06,61,0.4027,enemy
1099,-112.47,227,0.4022,enemy
1100,-49.52,600,0.4017,timeout
1101,-106.33,418,0.4011,enemy
1102,-140.16,410,0.4006,enemy
1103,-103.28,51,0.4,enemy
1104,35.61,117,0.3995,enemy
1105,-63.62,114,0.3989,enemy
1106,-214.75,408,0.3984,enemy
1107,-55.25,98,0.3978,enemy
1108,-120.9,231,0.3973,enemy
1109,-56.44,103,0.3968,enemy
1110,-116.65,172,0.3962,enemy
1111,-173.45,469,0.3957,enemy
1112,-88.38,600,0.3951,timeout
1113,-154.26,289,0.3946,enemy
1114,-158.05,229,0.394,enemy
1115,-100.02,600,0.3935,timeout
1116,-137.51,170,0.3929,enemy
1117,-58.16,172,0.3924,enemy
1118,-92.71,424,0.3919,enemy
1119,-93.67,600,0.3913,timeout
1120,-77.2,246,0.3908,enemy
1121,-140.97,225,0.3902,enemy
1122,-108.57,529,0.3897,enemy
1123,-123.85,297,0.3891,enemy
1124,-82.04,600,0.3886,timeout
1125,-85.75,600,0.388,timeout
1126,-97.5,509,0.3875,enemy
1127,-75.08,276,0.387,enemy
1128,-71.28,600,0.3864,timeout
1129,-107.41,541,0.3859,enemy
1130,-152.01,401,0.3853,enemy
1131,-56.82,98,0.3848,enemy
1132,-61.38,112,0.3842,enemy
1133,-102.16,57,0.3837,enemy
1134,-256.38,349,0.3831,enemy
1135,-256.6,300,0.3826,enemy
1136,-67.14,123,0.3821,enemy
1137,-61.76,115,0.3815,enemy
1138,-107.93,225,0.381,enemy
1139,-126.36,224,0.3804,enemy
1140,-101.12,172,0.3799,enemy
1141,-102.61,172,0.3793,enemy
1142,-88.42,115,0.3788,enemy
1143,-141.34,184,0.3782,enemy
1144,-131.41,204,0.3777,enemy
1145,-100.51,61,0.3772,enemy
1146,-124.65,178,0.3766,enemy
1147,-62.06,111,0.3761,enemy
1148,-222.01,342,0.3755,enemy
1149,-106.9,165,0.375,enemy
1150,-64.75,118,0.3744,enemy
1151,-115.83,159,0.3739,enemy
1152,0.0,1,0.3733,enemy
1153,-216.44,413,0.3728,enemy
1154,-108.32,302,0.3723,enemy
1155,-132.79,406,0.3717,enemy
1156,-82.96,245,0.3712,enemy
1157,-171.53,340,0.3706,enemy
1158,-140.58,520,0.3701,enemy
1159,-141.3,283,0.3695,enemy
1160,-93.62,223,0.369,enemy
1161,-130.47,232,0.3684,enemy
1162,-100.1,1,0.3679,enemy
1163,-159.16,568,0.3674,enemy
1164,-80.04,600,0.3668,timeout
1165,-162.42,600,0.3663,timeout
1166,-181.58,347,0.3657,enemy
1167,-60.31,109,0.3652,enemy
1168,-85.46,168,0.3646,enemy
1169,-166.27,291,0.3641,enemy
1170,-81.64,123,0.3635,enemy
1171,-158.33,230,0.363,enemy
1172,-59.36,102,0.3625,enemy
1173,155.37,600,0.3619,success
1174,-71.31,171,0.3614,enemy
1175,168.46,600,0.3608,success
1176,-50.88,45,0.3603,enemy
1177,-264.3,600,0.3597,timeout
1178,-79.69,600,0.3592,timeout
1179,210.43,600,0.3586,success
1180,-56.81,55,0.3581,enemy
1181,-76.54,600,0.3576,timeout
1182,-80.45,109,0.357,enemy
1183,-192.53,465,0.3565,enemy
1184,-80.19,292,0.3559,enemy
1185,-178.0,584,0.3554,enemy
1186,-270.98,416,0.3548,enemy
1187,-100.15,360,0.3543,enemy
1188,-58.05,70,0.3537,enemy
1189,-132.66,346,0.3532,enemy
1190,-127.13,600,0.3527,timeout
1191,-84.67,345,0.3521,enemy
1192,-79.96,600,0.3516,timeout
1193,183.68,600,0.351,success
1194,-140.52,238,0.3505,enemy
1195,-113.21,485,0.3499,enemy
1196,-100.1,1,0.3494,enemy
1197,-87.3,197,0.3488,enemy
1198,-114.5,399,0.3483,enemy
1199,-104.5,297,0.3478,enemy
1200,-80.06,600,0.3472,timeout
1201,-85.87,600,0.3467,timeout
1202,182.12,600,0.3461,success
1203,-107.49,583,0.3456,enemy
1204,-146.3,288,0.345,enemy
1205,-55.66,106,0.3445,enemy
1206,-84.07,600,0.3439,timeout
1207,-80.06,600,0.3434,timeout
1208,-94.21,455,0.3429,enemy
1209,-125.29,292,0.3423,enemy
1210,-155.96,423,0.3418,enemy
1211,-117.33,160,0.3412,enemy
1212,-94.45,119,0.3407,enemy
1213,-122.84,276,0.3401,enemy
1214,-127.69,229,0.3396,enemy
1215,-101.35,196,0.339,enemy
1216,-112.03,172,0.3385,enemy
1217,-116.89,335,0.338,enemy
1218,-60.32,113,0.3374,enemy
1219,-113.55,526,0.3369,enemy
1220,-158.36,563,0.3363,enemy
1221,-100.1,1,0.3358,enemy
1222,-116.31,343,0.3352,enemy
1223,-165.03,404,0.3347,enemy
1224,-61.82,600,0.3341,timeout
1225,-80.13,600,0.3336,timeout
1226,-85.91,600,0.3331,timeout
1227,-121.9,479,0.3325,enemy
1228,-82.8,180,0.332,enemy
1229,-56.58,96,0.3314,enemy
1230,-58.82,107,0.3309,enemy
1231,-159.01,453,0.3303,enemy
1232,-52.54,600,0.3298,timeout
1233,-59.54,68,0.3292,enemy
1234,-100.1,1,0.3287,enemy
1235,-58.48,114,0.3282,enemy
1236,-124.65,352,0.3276,enemy
1237,-166.43,293,0.3271,enemy
1238,-107.13,166,0.3265,enemy
1239,-147.34,600,0.326,timeout
1240,-56.92,105,0.3254,enemy
1241,-285.38,541,0.3249,enemy
1242,-57.67,73,0.3243,enemy
1243,-56.1,87,0.3238,enemy
1244,-95.67,161,0.3233,enemy
1245,-85.11,108,0.3227,enemy
1246,-58.39,71,0.3222,enemy
1247,117.76,600,0.3216,success
1248,-133.47,232,0.3211,enemy
1249,-158.25,478,0.3205,enemy
1250,-201.03,600,0.32,timeout
1251,-293.35,531,0.3194,enemy
1252,-132.31,300,0.3189,enemy
1253,-100.17,1,0.3184,enemy
1254,-66.64,124,0.3178,enemy
1255,-61.61,107,0.3173,enemy
1256,-93.78,171,0.3167,enemy
1257,-57.93,65,0.3162,enemy
1258,-59.26,141,0.3156,enemy
1259,-95.3,600,0.3151,timeout
1260,144.27,600,0.3145,success
1261,-154.36,600,0.314,timeout
1262,-58.31,74,0.3135,enemy
1263,-147.09,179,0.3129,enemy
1264,-79.93,121,0.3124,enemy
1265,-55.87,58,0.3118,enemy
1266,-104.78,126,0.3113,enemy
1267,-56.44,68,0.3107,enemy
1268,-56.41,103,0.3102,enemy
1269,-65.68,172,0.3096,enemy
1270,-282.37,600,0.3091,timeout
1271,-170.65,330,0.3086,enemy
1272,34.01,600,0.308,success
1273,99.0,600,0.3075,success
1274,-169.02,499,0.3069,enemy
1275,-96.95,521,0.3064,enemy
1276,-149.63,258,0.3058,enemy
1277,-122.85,189,0.3053,enemy
1278,-118.47,118,0.3047,enemy
1279,-57.99,67,0.3042,enemy
1280,-124.95,346,0.3037,enemy
1281,-57.72,58,0.3031,enemy
1282,-57.69,64,0.3026,enemy
1283,-80.17,600,0.302,timeout
1284,-105.57,600,0.3015,timeout
1285,-92.18,460,0.3009,enemy
1286,-80.09,600,0.3004,timeout
1287,-45.74,600,0.2998,timeout
1288,-77.36,600,0.2993,timeout
1289,-93.89,465,0.2988,enemy
1290,-102.84,532,0.2982,enemy
1291,-201.33,518,0.2977,enemy
1292,-125.02,181,0.2971,enemy
1293,-103.36,51,0.2966,enemy
1294,-119.18,173,0.296,enemy
1295,184.06,600,0.2955,success
1296,-59.7,109,0.2949,enemy
1297,-203.44,540,0.2944,enemy
1298,-58.65,70,0.2939,enemy
1299,-185.99,474,0.2933,enemy
1300,-99.4,169,0.2928,enemy
1301,-131.9,160,0.2922,enemy
1302,-132.86,171,0.2917,enemy
1303,-117.78,242,0.2911,enemy
1304,-100.14,1,0.2906,enemy
1305,-85.76,600,0.29,timeout
1306,-71.46,98,0.2895,enemy
1307,-112.54,177,0.289,enemy
1308,-103.36,60,0.2884,enemy
1309,-103.16,52,0.2879,enemy
1310,-62.82,120,0.2873,enemy
1311,171.06,600,0.2868,success
1312,-117.37,153,0.2862,enemy
1313,-148.57,600,0.2857,timeout
1314,-86.11,600,0.2851,timeout
1315,-102.99,481,0.2846,enemy
1316,-189.21,600,0.2841,timeout
1317,-177.28,284,0.2835,enemy
1318,-56.95,98,0.283,enemy
1319,-142.47,600,0.2824,timeout
1320,-85.75,169,0.2819,enemy
1321,-153.4,242,0.2813,enemy
1322,-166.51,354,0.2808,enemy
1323,-100.86,525,0.2802,enemy
1324,-108.56,600,0.2797,timeout
1325,-79.97,600,0.2792,timeout
1326,-85.8,600,0.2786,timeout
1327,181.9,600,0.2781,success
1328,-153.45,537,0.2775,enemy
1329,-114.29,235,0.277,enemy
1330,-58.46,600,0.2764,timeout
1331,-79.26,600,0.2759,timeout
1332,-68.71,131,0.2753,enemy
1333,166.23,600,0.2748,success
1334,-76.58,279,0.2743,enemy
1335,-122.26,234,0.2737,enemy
1336,161.89,600,0.2732,success
1337,-162.4,600,0.2726,timeout
1338,-114.66,302,0.2721,enemy
1339,-143.0,368,0.2715,enemy
1340,-61.14,112,0.271,enemy
1341,-108.42,587,0.2704,enemy
1342,-152.16,600,0.2699,timeout
1343,-57.64,98,0.2694,enemy
1344,-100.1,1,0.2688,enemy
1345,-119.49,178,0.2683,enemy
1346,-100.1,1,0.2677,enemy
1347,-81.53,600,0.2672,timeout
1348,-155.47,412,0.2666,enemy
1349,168.15,600,0.2661,success
1350,-176.93,600,0.2655,timeout
1351,-152.65,538,0.265,enemy
1352,-90.68,217,0.2645,enemy
1353,-107.74,172,0.2639,enemy
1354,-100.14,1,0.2634,enemy
1355,-98.43,179,0.2628,enemy
1356,-89.12,117,0.2623,enemy
1357,-132.95,296,0.2617,enemy
1358,-222.33,600,0.2612,timeout
1359,-142.26,229,0.2606,enemy
1360,-96.53,108,0.2601,enemy
1361,-102.05,600,0.2596,timeout
1362,-181.17,476,0.259,enemy
1363,-145.67,600,0.2585,timeout
1364,-79.97,600,0.2579,timeout
1365,-87.59,600,0.2574,timeout
1366,-165.18,363,0.2568,enemy
1367,-146.98,540,0.2563,enemy
1368,-121.18,600,0.2557,timeout
1369,-90.27,600,0.2552,timeout
1370,-59.15,102,0.2547,enemy
1371,-114.93,168,0.2541,enemy
1372,-110.24,171,0.2536,enemy
1373,-123.99,160,0.253,enemy
1374,-140.55,227,0.2525,enemy
1375,-100.17,1,0.2519,enemy
1376,-195.5,600,0.2514,timeout
1377,166.78,600,0.2508,success
1378,-116.56,173,0.2503,enemy
1379,-56.41,61,0.2498,enemy
1380,207.69,600,0.2492,success
1381,-52.61,41,0.2487,enemy
1382,-71.37,220,0.2481,enemy
1383,-85.92,600,0.2476,timeout
1384,-135.33,600,0.247,timeout
1385,-104.08,475,0.2465,enemy
1386,-105.56,61,0.2459,enemy
1387,-98.55,116,0.2454,enemy
1388,-128.97,238,0.2449,enemy
1389,-75.87,170,0.2443,enemy
1390,-71.99,226,0.2438,enemy
1391,-62.98,115,0.2432,enemy
1392,-174.67,600,0.2427,timeout
1393,-165.6,600,0.2421,timeout
1394,-41.09,246,0.2416,enemy
1395,-142.87,600,0.241,timeout
1396,-114.63,222,0.2405,enemy
1397,-115.36,231,0.24,enemy
1398,-115.91,411,0.2394,enemy
1399,-101.01,161,0.2389,enemy
1400,-74.55,107,0.2383,enemy
1401,-86.55,162,0.2378,enemy
1402,-102.87,233,0.2372,enemy
1403,-60.24,60,0.2367,enemy
1404,-96.9,165,0.2361,enemy
1405,-92.04,183,0.2356,enemy
1406,-56.78,81,0.2351,enemy
1407,-157.91,600,0.2345,timeout
1408,-285.75,600,0.234,timeout
1409,176.36,600,0.2334,success
1410,-53.62,53,0.2329,enemy
1411,-124.74,243,0.2323,enemy
1412,-91.4,127,0.2318,enemy
1413,-215.86,600,0.2312,timeout
1414,-232.77,589,0.2307,enemy
1415,-100.14,1,0.2302,enemy
1416,-141.56,354,0.2296,enemy
1417,119.34,600,0.2291,success
1418,237.74,600,0.2285,success
1419,-194.8,405,0.228,enemy
1420,-65.46,122,0.2274,enemy
1421,-124.94,182,0.2269,enemy
1422,-128.64,177,0.2263,enemy
1423,-71.39,228,0.2258,enemy
1424,-89.06,175,0.2253,enemy
1425,-126.5,225,0.2247,enemy
1426,-71.74,227,0.2242,enemy
1427,-64.09,121,0.2236,enemy
1428,-127.05,292,0.2231,enemy
1429,-137.45,289,0.2225,enemy
1430,200.61,600,0.222,success
1431,-169.87,600,0.2214,timeout
1432,-162.48,600,0.2209,timeout
1433,-86.95,401,0.2204,enemy
1434,-235.62,520,0.2198,enemy
1435,-107.54,174,0.2193,enemy
1436,-91.3,165,0.2187,enemy
1437,137.5,600,0.2182,success
1438,-82.04,600,0.2176,timeout
1439,-154.11,591,0.2171,enemy
1440,-172.71,600,0.2165,timeout
1441,-123.23,300,0.216,enemy
1442,-146.33,600,0.2155,timeout
1443,-133.39,600,0.2149,timeout
1444,-117.9,600,0.2144,timeout
1445,-84.19,600,0.2138,timeout
1446,-85.49,600,0.2133,timeout
1447,-130.27,301,0.2127,enemy
1448,-80.0,600,0.2122,timeout
1449,-145.98,600,0.2116,timeout
1450,-117.15,414,0.2111,enemy
1451,-147.35,349,0.2106,enemy
1452,-80.06,600,0.21,timeout
1453,136.56,600,0.2095,success
1454,-101.14,357,0.2089,enemy
1455,-165.68,598,0.2084,enemy
1456,-129.5,352,0.2078,enemy
1457,-49.19,600,0.2073,timeout
1458,-89.17,600,0.2067,timeout
1459,-150.06,530,0.2062,enemy
1460,-46.77,600,0.2057,timeout
1461,-80.07,600,0.2051,timeout
1462,-139.21,544,0.2046,enemy
1463,-140.65,303,0.204,enemy
1464,-79.33,162,0.2035,enemy
1465,-55.64,60,0.2029,enemy
1466,-124.81,600,0.2024,timeout
1467,170.28,600,0.2018,success
1468,-84.67,600,0.2013,timeout
1469,-114.67,600,0.2008,timeout
1470,-201.53,542,0.2002,enemy
1471,-194.63,595,0.1997,enemy
1472,-159.31,600,0.1991,timeout
1473,-63.34,134,0.1986,enemy
1474,-75.75,110,0.198,enemy
1475,-101.92,222,0.1975,enemy
1476,212.66,600,0.1969,success
1477,-107.76,219,0.1964,enemy
1478,-86.17,360,0.1959,enemy
1479,211.47,600,0.1953,success
1480,-193.86,532,0.1948,enemy
1481,-90.85,114,0.1942,enemy
1482,-77.61,183,0.1937,enemy
1483,225.1,600,0.1931,success
1484,-79.38,600,0.1926,timeout
1485,-62.02,144,0.192,enemy
1486,-129.53,600,0.1915,timeout
1487,-120.42,198,0.191,enemy
1488,-70.96,114,0.1904,enemy
1489,-103.12,277,0.1899,enemy
1490,-71.81,122,0.1893,enemy
1491,-225.62,599,0.1888,enemy
1492,-106.31,292,0.1882,enemy
1493,181.3,600,0.1877,success
1494,-148.93,600,0.1871,timeout
1495,181.25,600,0.1866,success
1496,167.07,600,0.1861,success
1497,-64.01,600,0.1855,timeout
1498,-169.98,351,0.185,enemy
1499,-170.87,600,0.1844,timeout
1500,-133.41,407,0.1839,enemy
1501,-119.48,235,0.1833,enemy
1502,-125.94,296,0.1828,enemy
1503,-100.17,1,0.1822,enemy
1504,-98.27,600,0.1817,timeout
1505,-115.5,600,0.1812,timeout
1506,-95.68,600,0.1806,timeout
1507,193.21,600,0.1801,success
1508,-166.03,600,0.1795,timeout
1509,-67.03,172,0.179,enemy
1510,-111.75,311,0.1784,enemy
1511,-69.08,226,0.1779,enemy
1512,200.14,600,0.1773,success
1513,199.06,600,0.1768,success
1514,206.11,600,0.1763,success
1515,-48.37,42,0.1757,enemy
1516,-149.43,354,0.1752,enemy
1517,-107.73,600,0.1746,timeout
1518,213.53,600,0.1741,success
1519,-127.38,600,0.1735,timeout
1520,-79.99,600,0.173,timeout
1521,-81.85,600,0.1724,timeout
1522,-88.98,237,0.1719,enemy
1523,-89.83,301,0.1714,enemy
1524,-32.52,600,0.1708,timeout
1525,-72.58,600,0.1703,timeout
1526,252.77,600,0.1697,success
1527,-51.41,43,0.1692,enemy
1528,-55.51,104,0.1686,enemy
1529,-119.67,289,0.1681,enemy
1530,-62.05,110,0.1675,enemy
1531,-85.82,600,0.167,timeout
1532,-80.07,600,0.1665,timeout
1533,-87.46,600,0.1659,timeout
1534,-79.96,600,0.1654,timeout
1535,-87.48,600,0.1648,timeout
1536,-52.48,600,0.1643,timeout
1537,-101.76,239,0.1637,enemy
1538,223.55,600,0.1632,success
1539,-152.2,600,0.1626,timeout
1540,-67.08,176,0.1621,enemy
1541,-87.45,600,0.1616,timeout
1542,-81.97,600,0.161,timeout
1543,-122.37,355,0.1605,enemy
1544,-80.71,600,0.1599,timeout
1545,-86.95,600,0.1594,timeout
1546,-80.06,600,0.1588,timeout
1547,-87.47,600,0.1583,timeout
1548,-79.95,600,0.1577,timeout
1549,-47.57,600,0.1572,timeout
1550,-54.25,600,0.1567,timeout
1551,-98.99,474,0.1561,enemy
1552,-79.36,600,0.1556,timeout
1553,-53.99,95,0.155,enemy
1554,-157.63,600,0.1545,timeout
1555,-175.2,600,0.1539,timeout
1556,-135.93,600,0.1534,timeout
1557,-91.64,600,0.1528,timeout
1558,-108.93,600,0.1523,timeout
1559,-60.77,107,0.1518,enemy
1560,-144.16,600,0.1512,timeout
1561,-111.42,600,0.1507,timeout
1562,-67.29,600,0.1501,timeout
1563,-79.81,600,0.1496,timeout
1564,-146.74,600,0.149,timeout
1565,164.28,600,0.1485,success
1566,-104.09,40,0.1479,enemy
1567,-61.84,113,0.1474,enemy
1568,-137.55,409,0.1469,enemy
1569,-70.09,600,0.1463,timeout
1570,-135.27,419,0.1458,enemy
1571,-144.09,479,0.1452,enemy
1572,-154.5,600,0.1447,timeout
1573,-151.42,600,0.1441,timeout
1574,225.16,600,0.1436,success
1575,-40.68,600,0.143,timeout
1576,-74.72,600,0.1425,timeout
1577,-87.2,600,0.142,timeout
1578,-114.84,310,0.1414,enemy
1579,-123.98,600,0.1409,timeout
1580,-104.76,600,0.1403,timeout
1581,-56.62,69,0.1398,enemy
1582,-141.14,300,0.1392,enemy
1583,243.7,600,0.1387,success
1584,-80.0,600,0.1381,timeout
1585,-106.59,112,0.1376,enemy
1586,-103.53,52,0.1371,enemy
1587,-103.27,44,0.1365,enemy
1588,184.94,600,0.136,success
1589,-109.15,543,0.1354,enemy
1590,-124.9,486,0.1349,enemy
1591,-60.8,600,0.1343,timeout
1592,-80.06,600,0.1338,timeout
1593,-82.37,600,0.1332,timeout
1594,-80.06,600,0.1327,timeout
1595,-64.2,600,0.1322,timeout
1596,-87.53,600,0.1316,timeout
1597,-80.09,600,0.1311,timeout
1598,-79.98,600,0.1305,timeout
1599,-88.63,600,0.13,timeout
1600,-96.58,600,0.1294,timeout
1601,-108.94,600,0.1289,timeout
1602,-154.25,600,0.1283,timeout
1603,-55.84,61,0.1278,enemy
1604,-111.82,239,0.1273,enemy
1605,-135.53,600,0.1267,timeout
1606,-57.22,100,0.1262,enemy
1607,-58.47,62,0.1256,enemy
1608,-56.69,50,0.1251,enemy
1609,-82.37,600,0.1245,timeout
1610,-54.54,53,0.124,enemy
1611,-79.61,600,0.1234,timeout
1612,-58.51,72,0.1229,enemy
1613,226.33,600,0.1224,success
1614,-50.17,41,0.1218,enemy
1615,-63.01,123,0.1213,enemy
1616,-54.63,45,0.1207,enemy
1617,-128.03,600,0.1202,timeout
1618,-53.01,600,0.1196,timeout
1619,-82.6,231,0.1191,enemy
1620,-178.62,600,0.1185,timeout
1621,-107.72,600,0.118,timeout
1622,-108.61,600,0.1175,timeout
1623,-56.79,102,0.1169,enemy
1624,-97.79,243,0.1164,enemy
1625,-56.77,95,0.1158,enemy
1626,-135.25,226,0.1153,enemy
1627,-100.81,191,0.1147,enemy
1628,-54.93,52,0.1142,enemy
1629,-114.28,356,0.1136,enemy
1630,-142.08,600,0.1131,timeout
1631,-133.53,473,0.1126,enemy
1632,-47.29,600,0.112,timeout
1633,-99.01,600,0.1115,timeout
1634,-58.01,74,0.1109,enemy
1635,-133.66,474,0.1104,enemy
1636,-86.81,125,0.1098,enemy
1637,-104.19,600,0.1093,timeout
1638,218.56,600,0.1087,success
1639,-126.09,481,0.1082,enemy
1640,-102.02,600,0.1077,timeout
1641,-148.65,600,0.1071,timeout
1642,192.06,600,0.1066,success
1643,171.89,600,0.106,success
1644,-50.14,40,0.1055,enemy
1645,-87.42,600,0.1049,timeout
1646,-131.45,231,0.1044,enemy
1647,-70.51,600,0.1038,timeout
1648,214.92,600,0.1033,success
1649,-100.37,600,0.1028,timeout
1650,-92.34,600,0.1022,timeout
1651,217.85,600,0.1017,success
1652,-110.29,600,0.1011,timeout
1653,-94.71,600,0.1006,timeout
1654,-124.72,600,0.1,timeout
1655,-90.97,600,0.0995,timeout
1656,-69.84,600,0.0989,timeout
1657,-61.71,113,0.0984,enemy
1658,220.92,600,0.0979,success
1659,230.41,600,0.0973,success
1660,-55.63,44,0.0968,enemy
1661,-68.41,600,0.0962,timeout
1662,241.66,600,0.0957,success
1663,-50.5,46,0.0951,enemy
1664,-93.63,600,0.0946,timeout
1665,-157.32,470,0.094,enemy
1666,-79.04,121,0.0935,enemy
1667,-68.71,600,0.093,timeout
1668,235.78,600,0.0924,success
1669,236.94,600,0.0919,success
1670,227.09,600,0.0913,success
1671,-105.14,305,0.0908,enemy
1672,-126.21,336,0.0902,enemy
1673,-71.7,113,0.0897,enemy
1674,-100.1,1,0.0891,enemy
1675,-63.81,113,0.0886,enemy
1676,228.92,600,0.0881,success
1677,-53.36,42,0.0875,enemy
1678,-100.2,1,0.087,enemy
1679,-94.16,279,0.0864,enemy
1680,-51.78,600,0.0859,timeout
1681,-107.25,300,0.0853,enemy
1682,-128.1,600,0.0848,timeout
1683,-96.6,600,0.0842,timeout
1684,-95.69,600,0.0837,timeout
1685,-55.08,600,0.0832,timeout
1686,-79.57,120,0.0826,enemy
1687,-103.29,190,0.0821,enemy
1688,-81.02,600,0.0815,timeout
1689,-78.31,600,0.081,timeout
1690,-116.65,600,0.0804,timeout
1691,-107.07,600,0.0799,timeout
1692,-88.27,600,0.0793,timeout
1693,-105.29,600,0.0788,timeout
1694,-74.76,161,0.0783,enemy
1695,-113.25,600,0.0777,timeout
1696,-59.28,600,0.0772,timeout
1697,-91.7,600,0.0766,timeout
1698,-81.38,600,0.0761,timeout
1699,-112.65,600,0.0755,timeout
1700,-90.15,600,0.075,timeout
1701,-105.45,600,0.0744,timeout
1702,177.98,600,0.0739,success
1703,-52.55,600,0.0734,timeout
1704,-96.01,600,0.0728,timeout
1705,-128.98,413,0.0723,enemy
1706,-101.91,600,0.0717,timeout
1707,-69.97,600,0.0712,timeout
1708,-50.88,600,0.0706,timeout
1709,-94.93,600,0.0701,timeout
1710,-90.38,600,0.0695,timeout
1711,220.63,600,0.069,success
1712,-101.3,600,0.0685,timeout
1713,213.1,600,0.0679,success
1714,215.88,600,0.0674,success
1715,-53.88,52,0.0668,enemy
1716,236.44,600,0.0663,success
1717,-52.18,41,0.0657,enemy
1718,-49.48,600,0.0652,timeout
1719,222.54,600,0.0646,success
1720,239.99,600,0.0641,success
1721,48.52,38,0.0636,enemy
1722,-133.2,600,0.063,timeout
1723,-113.52,600,0.0625,timeout
1724,-93.05,600,0.0619,timeout
1725,-87.19,600,0.0614,timeout
1726,-171.45,593,0.0608,enemy
1727,-100.17,1,0.0603,enemy
1728,-80.26,180,0.0597,enemy
1729,-218.68,536,0.0592,enemy
1730,-122.97,600,0.0587,timeout
1731,-55.04,600,0.0581,timeout
1732,-63.08,600,0.0576,timeout
1733,227.51,600,0.057,success
1734,-51.88,41,0.0565,enemy
1735,-141.13,190,0.0559,enemy
1736,-155.23,535,0.0554,enemy
1737,205.22,600,0.0548,success
1738,189.47,600,0.0543,success
1739,-52.38,43,0.0538,enemy
1740,-88.88,222,0.0532,enemy
1741,-118.71,600,0.0527,timeout
1742,-75.15,600,0.0521,timeout
1743,-97.67,600,0.0516,timeout
1744,-102.05,600,0.051,timeout
1745,-92.79,600,0.0505,timeout
1746,-50.28,600,0.0499,timeout
1747,-80.28,600,0.0494,timeout
1748,-46.26,600,0.0489,timeout
1749,-55.43,600,0.0483,timeout
1750,-139.8,589,0.0478,enemy
1751,-58.04,600,0.0472,timeout
1752,-64.06,600,0.0467,timeout
1753,-71.68,600,0.0461,timeout
1754,-54.25,600,0.0456,timeout
1755,-79.97,600,0.045,timeout
1756,-52.91,600,0.0445,timeout
1757,205.5,600,0.044,success
1758,230.34,600,0.0434,success
1759,205.99,600,0.0429,success
1760,-95.94,600,0.0423,timeout
1761,-46.19,600,0.0418,timeout
1762,-51.26,600,0.0412,timeout
1763,-65.33,111,0.0407,enemy
1764,-70.84,119,0.0401,enemy
1765,-68.44,121,0.0396,enemy
1766,-94.94,179,0.0391,enemy
1767,-60.33,600,0.0385,timeout
1768,207.74,600,0.038,success
1769,-83.57,600,0.0374,timeout
1770,-98.52,600,0.0369,timeout
1771,-50.88,600,0.0363,timeout
1772,-90.79,600,0.0358,timeout
1773,-69.64,600,0.0352,timeout
1774,-74.95,600,0.0347,timeout
1775,-64.17,600,0.0342,timeout
1776,-46.68,600,0.0336,timeout
1777,237.25,600,0.0331,success
1778,-56.92,600,0.0325,timeout
1779,-83.24,600,0.032,timeout
1780,-73.45,600,0.0314,timeout
1781,-62.73,600,0.0309,timeout
1782,-56.78,600,0.0303,timeout
1783,-88.0,600,0.0298,timeout
1784,-91.45,600,0.0293,timeout
1785,-82.98,600,0.0287,timeout
1786,-70.15,600,0.0282,timeout
1787,230.22,600,0.0276,success
1788,-48.05,600,0.0271,timeout
1789,-47.28,600,0.0265,timeout
1790,-60.19,600,0.026,timeout
1791,-83.11,600,0.0254,timeout
1792,-74.82,600,0.0249,timeout
1793,-38.79,600,0.0244,timeout
1794,-54.25,600,0.0238,timeout
1795,-67.55,600,0.0233,timeout
1796,-47.77,600,0.0227,timeout
1797,-77.13,600,0.0222,timeout
1798,-65.86,600,0.0216,timeout
1799,-81.0,600,0.0211,timeout
1800,-119.48,417,0.0205,enemy
1801,227.34,600,0.02,success
1802,-50.91,41,0.02,enemy
1803,-97.18,600,0.02,timeout
1804,-42.06,600,0.02,timeout
1805,-57.73,600,0.02,timeout
1806,-56.65,600,0.02,timeout
1807,-41.37,600,0.02,timeout
1808,-41.83,600,0.02,timeout
1809,-63.09,600,0.02,timeout
1810,-42.37,600,0.02,timeout
1811,-46.48,600,0.02,timeout
1812,-107.68,306,0.02,enemy
1813,-79.98,230,0.02,enemy
1814,-66.98,113,0.02,enemy
1815,-43.97,600,0.02,timeout
1816,-60.15,600,0.02,timeout
1817,-41.31,600,0.02,timeout
1818,-40.38,600,0.02,timeout
1819,-29.14,600,0.02,timeout
1820,-31.69,600,0.02,timeout
1821,216.02,600,0.02,success
1822,-48.12,600,0.02,timeout
1823,-40.3,600,0.02,timeout
1824,-55.32,600,0.02,timeout
1825,-43.62,600,0.02,timeout
1826,-50.15,600,0.02,timeout
1827,-46.95,600,0.02,timeout
1828,-84.75,600,0.02,timeout
1829,-66.25,600,0.02,timeout
1830,-75.23,600,0.02,timeout
1831,-26.74,600,0.02,timeout
1832,-41.16,600,0.02,timeout
1833,-45.0,600,0.02,timeout
1834,-44.87,600,0.02,timeout
1835,-56.44,600,0.02,timeout
1836,-51.07,600,0.02,timeout
1837,-71.64,600,0.02,timeout
1838,-65.97,600,0.02,timeout
1839,-74.94,600,0.02,timeout
1840,-54.02,600,0.02,timeout
1841,-49.71,600,0.02,timeout
1842,-69.74,600,0.02,timeout
1843,-59.27,600,0.02,timeout
1844,-109.46,600,0.02,timeout
1845,-51.86,600,0.02,timeout
1846,-64.04,600,0.02,timeout
1847,-82.84,600,0.02,timeout
1848,-85.93,600,0.02,timeout
1849,-72.97,600,0.02,timeout
1850,-47.25,600,0.02,timeout
1851,-40.72,600,0.02,timeout
1852,-70.24,600,0.02,timeout
1853,-53.17,600,0.02,timeout
1854,-70.03,600,0.02,timeout
1855,-89.49,359,0.02,enemy
1856,-62.16,600,0.02,timeout
1857,-54.92,600,0.02,timeout
1858,-32.49,600,0.02,timeout
1859,-60.71,600,0.02,timeout
1860,-39.58,600,0.02,timeout
1861,-45.84,600,0.02,timeout
1862,-41.32,600,0.02,timeout
1863,-50.77,600,0.02,timeout
1864,-36.49,600,0.02,timeout
1865,-52.54,600,0.02,timeout
1866,-79.95,600,0.02,timeout
1867,-50.83,600,0.02,timeout
1868,-49.27,600,0.02,timeout
1869,-77.64,600,0.02,timeout
1870,-45.42,600,0.02,timeout
1871,-53.0,600,0.02,timeout
1872,-121.27,224,0.02,enemy
1873,-40.77,600,0.02,timeout
1874,-63.28,600,0.02,timeout
1875,-108.73,487,0.02,enemy
1876,-56.45,600,0.02,timeout
1877,-63.9,600,0.02,timeout
1878,-45.42,600,0.02,timeout
1879,-45.33,600,0.02,timeout
1880,-33.86,600,0.02,timeout
1881,-29.1,600,0.02,timeout
1882,-70.09,600,0.02,timeout
1883,-76.15,600,0.02,timeout
1884,-74.55,600,0.02,timeout
1885,-73.94,600,0.02,timeout
1886,-115.09,184,0.02,enemy
1887,-104.46,68,0.02,enemy
1888,-103.56,68,0.02,enemy
1889,-103.81,69,0.02,enemy
1890,-103.63,40,0.02,enemy
1891,-103.34,71,0.02,enemy
1892,-100.17,1,0.02,enemy
1893,-104.23,71,0.02,enemy
1894,-59.6,600,0.02,timeout
1895,-47.68,600,0.02,timeout
1896,-45.19,600,0.02,timeout
1897,-96.81,600,0.02,timeout
1898,-78.59,600,0.02,timeout
1899,-61.59,600,0.02,timeout
1900,-80.53,600,0.02,timeout
1901,-50.79,600,0.02,timeout
1902,-53.75,600,0.02,timeout
1903,-65.67,600,0.02,timeout
1904,-64.58,600,0.02,timeout
1905,-59.83,600,0.02,timeout
1906,-54.17,600,0.02,timeout
1907,-60.25,600,0.02,timeout
1908,-53.5,600,0.02,timeout
1909,-61.54,600,0.02,timeout
1910,-82.35,600,0.02,timeout
1911,-81.18,600,0.02,timeout
1912,-81.42,600,0.02,timeout
1913,235.76,600,0.02,success
1914,-84.58,600,0.02,timeout
1915,-52.32,600,0.02,timeout
1916,224.98,600,0.02,success
1917,238.67,600,0.02,success
1918,245.19,600,0.02,success
1919,235.76,600,0.02,success
1920,-157.12,600,0.02,timeout
1921,238.6,600,0.02,success
1922,-53.38,42,0.02,enemy
1923,240.25,600,0.02,success
1924,62.2,600,0.02,success
1925,-57.62,600,0.02,timeout
1926,-44.78,600,0.02,timeout
1927,-49.25,600,0.02,timeout
1928,-60.12,600,0.02,timeout
1929,-74.14,600,0.02,timeout
1930,-59.7,600,0.02,timeout
1931,-81.88,600,0.02,timeout
1932,-53.48,600,0.02,timeout
1933,-69.46,600,0.02,timeout
1934,-44.78,600,0.02,timeout
1935,-34.78,600,0.02,timeout
1936,-54.82,600,0.02,timeout
1937,-73.37,600,0.02,timeout
1938,-79.38,600,0.02,timeout
1939,-49.28,600,0.02,timeout
1940,-132.66,527,0.02,enemy
1941,-94.59,416,0.02,enemy
1942,-99.44,369,0.02,enemy
1943,-43.24,600,0.02,timeout
1944,-101.18,600,0.02,timeout
1945,235.29,600,0.02,success
1946,243.37,600,0.02,success
1947,-48.61,42,0.02,enemy
1948,-102.25,600,0.02,timeout
1949,-38.18,600,0.02,timeout
1950,-122.09,530,0.02,enemy
1951,-71.25,119,0.02,enemy
1952,-67.89,119,0.02,enemy
1953,-73.51,107,0.02,enemy
1954,-68.64,600,0.02,timeout
1955,-54.48,600,0.02,timeout
1956,-83.94,600,0.02,timeout
1957,-121.0,529,0.02,enemy
1958,214.59,600,0.02,success
1959,-79.76,600,0.02,timeout
1960,-91.43,286,0.02,enemy
1961,-100.17,1,0.02,enemy
1962,-93.92,365,0.02,enemy
1963,207.85,600,0.02,success
1964,-64.55,600,0.02,timeout
1965,-39.6,600,0.02,timeout
1966,-50.19,600,0.02,timeout
1967,-69.87,600,0.02,timeout
1968,-42.4,600,0.02,timeout
1969,215.62,600,0.02,success
1970,177.69,600,0.02,success
1971,-111.72,600,0.02,timeout
1972,-64.64,600,0.02,timeout
1973,-54.2,600,0.02,timeout
1974,-50.12,600,0.02,timeout
1975,-54.38,600,0.02,timeout
1976,246.27,600,0.02,success
1977,-49.08,39,0.02,enemy
1978,-206.48,600,0.02,timeout
1979,-122.38,600,0.02,timeout
1980,-72.83,127,0.02,enemy
1981,-65.08,124,0.02,enemy
1982,-45.88,600,0.02,timeout
1983,-66.58,600,0.02,timeout
1984,-67.85,600,0.02,timeout
1985,-47.76,600,0.02,timeout
1986,-68.45,600,0.02,timeout
1987,-64.27,600,0.02,timeout
1988,-58.54,600,0.02,timeout
1989,-52.85,600,0.02,timeout
1990,-59.62,600,0.02,timeout
1991,-54.48,600,0.02,timeout
1992,-79.88,600,0.02,timeout
1993,-55.84,600,0.02,timeout
1994,-40.51,600,0.02,timeout
1995,-97.97,600,0.02,timeout
1996,-83.49,600,0.02,timeout
1997,-40.88,600,0.02,timeout
1998,238.66,600,0.02,success
1999,238.75,600,0.02,success
2000,-170.55,600,0.02,timeout
2001,-82.46,600,0.02,timeout
2002,245.38,600,0.02,success
2003,-48.57,41,0.02,enemy
2004,-163.2,600,0.02,timeout
2005,-74.05,600,0.02,timeout
2006,-49.09,600,0.02,timeout
2007,-43.78,600,0.02,timeout
2008,-81.98,600,0.02,timeout
2009,-68.04,600,0.02,timeout
2010,-86.02,600,0.02,timeout
2011,232.0,600,0.02,success
2012,-95.02,600,0.02,timeout
2013,-47.34,600,0.02,timeout
2014,-42.84,600,0.02,timeout
2015,-56.65,600,0.02,timeout
2016,-38.02,600,0.02,timeout
2017,-56.74,600,0.02,timeout
2018,-58.0,600,0.02,timeout
2019,-110.22,600,0.02,timeout
2020,-55.9,600,0.02,timeout
2021,-113.54,359,0.02,enemy
2022,-87.45,600,0.02,timeout
2023,-84.94,600,0.02,timeout
2024,233.18,600,0.02,success
2025,204.63,600,0.02,success
2026,-52.8,600,0.02,timeout
2027,-48.11,39,0.02,enemy
2028,-80.0,600,0.02,timeout
2029,-79.94,600,0.02,timeout
2030,-80.37,600,0.02,timeout
2031,-58.81,600,0.02,timeout
2032,-80.31,600,0.02,timeout
2033,-80.06,600,0.02,timeout
2034,-79.94,600,0.02,timeout
2035,-79.96,600,0.02,timeout
2036,-87.46,600,0.02,timeout
2037,-84.07,600,0.02,timeout
2038,-79.94,600,0.02,timeout
2039,-75.72,600,0.02,timeout
2040,-102.86,49,0.02,enemy
2041,-76.07,600,0.02,timeout
2042,-82.04,600,0.02,timeout
2043,-86.88,600,0.02,timeout
2044,-80.06,600,0.02,timeout
2045,-80.1,600,0.02,timeout
2046,-87.62,600,0.02,timeout
2047,-80.71,600,0.02,timeout
2048,-80.07,600,0.02,timeout
2049,-80.71,600,0.02,timeout
2050,-85.91,600,0.02,timeout
2051,-79.96,600,0.02,timeout
2052,-80.43,600,0.02,timeout
2053,-80.71,600,0.02,timeout
2054,-84.16,600,0.02,timeout
2055,-79.94,600,0.02,timeout
2056,-80.06,600,0.02,timeout
2057,-79.95,600,0.02,timeout
2058,-80.03,600,0.02,timeout
2059,-79.95,600,0.02,timeout
2060,-80.06,600,0.02,timeout
2061,-79.94,600,0.02,timeout
2062,-85.75,600,0.02,timeout
2063,-79.97,600,0.02,timeout
2064,-94.96,600,0.02,timeout
2065,-79.94,600,0.02,timeout
2066,-79.98,600,0.02,timeout
2067,-84.43,600,0.02,timeout
2068,-80.22,600,0.02,timeout
2069,-87.97,600,0.02,timeout
2070,-80.71,600,0.02,timeout
2071,-79.94,600,0.02,timeout
2072,-80.07,600,0.02,timeout
2073,-80.71,600,0.02,timeout
2074,-79.95,600,0.02,timeout
2075,-80.23,600,0.02,timeout
2076,-80.71,600,0.02,timeout
2077,-81.83,600,0.02,timeout
2078,-80.01,600,0.02,timeout
2079,-76.64,600,0.02,timeout
2080,-79.94,600,0.02,timeout
2081,-47.73,600,0.02,timeout
2082,-74.82,600,0.02,timeout
2083,-83.95,600,0.02,timeout
2084,227.48,600,0.02,success
2085,-48.37,42,0.02,enemy
2086,-64.25,600,0.02,timeout
2087,-59.46,600,0.02,timeout
2088,-84.33,600,0.02,timeout
2089,-82.35,600,0.02,timeout
2090,-56.44,600,0.02,timeout
2091,-68.49,600,0.02,timeout
2092,-61.77,600,0.02,timeout
2093,-64.39,600,0.02,timeout
2094,-76.95,600,0.02,timeout
2095,-59.25,600,0.02,timeout
2096,-68.3,600,0.02,timeout
2097,-78.64,600,0.02,timeout
2098,-89.25,600,0.02,timeout
2099,-59.26,600,0.02,timeout
2100,-75.11,111,0.02,enemy
2101,-74.4,115,0.02,enemy
2102,-73.45,165,0.02,enemy
2103,-61.49,108,0.02,enemy
2104,-75.64,155,0.02,enemy
2105,-59.68,96,0.02,enemy
2106,-90.36,227,0.02,enemy
2107,-77.35,167,0.02,enemy
2108,-100.14,1,0.02,enemy
2109,-63.3,123,0.02,enemy
2110,-77.83,600,0.02,timeout
2111,-140.48,533,0.02,enemy
2112,-79.15,600,0.02,timeout
2113,-93.34,346,0.02,enemy
2114,-90.89,600,0.02,timeout
2115,231.79,600,0.02,success
2116,-80.65,600,0.02,timeout
2117,-74.64,600,0.02,timeout
2118,-32.29,600,0.02,timeout
2119,-33.84,600,0.02,timeout
2120,-70.82,180,0.02,enemy
2121,-66.25,600,0.02,timeout
2122,-42.68,600,0.02,timeout
2123,-83.38,600,0.02,timeout
2124,-44.34,600,0.02,timeout
2125,-57.6,600,0.02,timeout
2126,-75.57,600,0.02,timeout
2127,-48.3,600,0.02,timeout
2128,-58.07,600,0.02,timeout
2129,-37.58,600,0.02,timeout
2130,-77.86,600,0.02,timeout
2131,-90.15,600,0.02,timeout
2132,-96.97,600,0.02,timeout
2133,-94.99,353,0.02,enemy
2134,-55.77,600,0.02,timeout
2135,-66.28,600,0.02,timeout
2136,-42.78,600,0.02,timeout
2137,-84.88,600,0.02,timeout
2138,-88.48,600,0.02,timeout
2139,237.88,600,0.02,success
2140,-118.15,600,0.02,timeout
2141,-62.64,600,0.02,timeout
2142,-50.92,600,0.02,timeout
2143,-71.7,600,0.02,timeout
2144,-56.44,600,0.02,timeout
2145,233.41,600,0.02,success
2146,-41.19,600,0.02,timeout
2147,-93.08,600,0.02,timeout
2148,-69.21,600,0.02,timeout
2149,-57.55,600,0.02,timeout
2150,-47.78,600,0.02,timeout
2151,-63.49,600,0.02,timeout
2152,-92.08,600,0.02,timeout
2153,-85.58,600,0.02,timeout
2154,-43.58,600,0.02,timeout
2155,-38.27,600,0.02,timeout
2156,235.88,600,0.02,success
2157,238.48,600,0.02,success
2158,-43.49,600,0.02,timeout
2159,237.45,600,0.02,success
2160,-72.68,600,0.02,timeout
2161,-65.04,600,0.02,timeout
2162,-43.49,600,0.02,timeout
2163,-71.87,120,0.02,enemy
2164,-71.57,182,0.02,enemy
2165,-62.78,112,0.02,enemy
2166,-53.64,600,0.02,timeout
2167,-43.74,600,0.02,timeout
2168,231.65,600,0.02,success
2169,-79.95,600,0.02,timeout
2170,-78.52,600,0.02,timeout
2171,213.98,600,0.02,success
2172,-38.88,600,0.02,timeout
2173,-130.55,600,0.02,timeout
2174,239.63,600,0.02,success
2175,-104.24,600,0.02,timeout
2176,233.09,600,0.02,success
2177,-48.11,39,0.02,enemy
2178,-42.01,600,0.02,timeout
2179,235.23,600,0.02,success
2180,-80.07,600,0.02,timeout
2181,-80.63,600,0.02,timeout
2182,-80.04,600,0.02,timeout
2183,199.19,600,0.02,success
2184,238.06,600,0.02,success
2185,215.52,600,0.02,success
2186,81.77,600,0.02,success
2187,151.67,600,0.02,success
2188,225.18,600,0.02,success
2189,-52.18,41,0.02,enemy
2190,233.74,600,0.02,success
2191,225.8,600,0.02,success
2192,-281.16,600,0.02,timeout
2193,209.21,600,0.02,success
2194,-158.86,600,0.02,timeout
2195,-72.34,600,0.02,timeout
2196,231.24,600,0.02,success
2197,202.33,600,0.02,success
2198,226.81,600,0.02,success
2199,-214.32,600,0.02,timeout
2200,-102.18,600,0.02,timeout
2201,232.39,600,0.02,success
2202,-85.0,600,0.02,timeout
2203,239.65,600,0.02,success
2204,-50.24,41,0.02,enemy
2205,113.01,600,0.02,success
2206,-232.59,483,0.02,enemy
2207,-77.33,117,0.02,enemy
2208,-66.59,120,0.02,enemy
2209,-132.48,600,0.02,timeout
2210,-80.96,230,0.02,enemy
2211,-65.42,119,0.02,enemy
2212,-75.68,600,0.02,timeout
2213,-102.76,43,0.02,enemy
2214,-84.29,600,0.02,timeout
2215,-62.81,600,0.02,timeout
2216,-81.24,600,0.02,timeout
2217,240.51,600,0.02,success
2218,-52.4,40,0.02,enemy
2219,-79.27,600,0.02,timeout
2220,-43.67,600,0.02,timeout
2221,-69.33,600,0.02,timeout
2222,-62.91,119,0.02,enemy
2223,-45.08,600,0.02,timeout
2224,240.76,600,0.02,success
2225,-76.74,600,0.02,timeout
2226,-50.23,600,0.02,timeout
2227,-114.49,293,0.02,enemy
2228,-61.52,114,0.02,enemy
2229,-62.07,111,0.02,enemy
2230,-68.55,133,0.02,enemy
2231,-67.33,127,0.02,enemy
2232,-82.58,600,0.02,timeout
2233,-64.97,600,0.02,timeout
2234,-40.22,600,0.02,timeout
2235,-52.42,600,0.02,timeout
2236,-42.12,600,0.02,timeout
2237,-45.08,600,0.02,timeout
2238,-59.82,600,0.02,timeout
2239,-90.91,600,0.02,timeout
2240,-79.21,172,0.02,enemy
2241,-84.58,600,0.02,timeout
2242,246.99,600,0.02,success
2243,-51.61,39,0.02,enemy
2244,-92.31,288,0.02,enemy
2245,-70.1,105,0.02,enemy
2246,-55.34,600,0.02,timeout
2247,-58.6,600,0.02,timeout
2248,-41.71,405,0.02,enemy
2249,-56.21,600,0.02,timeout
2250,-34.36,600,0.02,timeout
2251,-58.38,600,0.02,timeout
2252,-58.79,600,0.02,timeout
2253,240.49,600,0.02,success
2254,-50.71,39,0.02,enemy
2255,-89.11,600,0.02,timeout
2256,242.06,600,0.02,success
2257,-51.97,40,0.02,enemy
2258,-27.78,600,0.02,timeout
2259,241.71,600,0.02,success
2260,241.45,600,0.02,success
2261,-77.9,165,0.02,enemy
2262,237.14,600,0.02,success
2263,-105.8,344,0.02,enemy
2264,233.28,600,0.02,success
2265,215.1,600,0.02,success
2266,237.06,600,0.02,success
2267,229.87,600,0.02,success
2268,-54.48,52,0.02,enemy
2269,221.13,600,0.02,success
2270,-52.4,40,0.02,enemy
2271,224.42,600,0.02,success
2272,222.22,600,0.02,success
2273,173.92,600,0.02,success
2274,167.62,232,0.02,success
2275,135.36,519,0.02,success
2276,204.95,109,0.02,success
2277,231.39,600,0.02,success
2278,-54.65,42,0.02,enemy
2279,189.77,600,0.02,success
2280,234.04,600,0.02,success
2281,240.08,600,0.02,success
2282,230.76,600,0.02,success
2283,251.61,600,0.02,success
2284,-56.37,50,0.02,enemy
2285,210.07,600,0.02,success
2286,-53.31,50,0.02,enemy
2287,231.2,600,0.02,success
2288,-56.23,50,0.02,enemy
2289,233.89,600,0.02,success
2290,-51.61,39,0.02,enemy
2291,-79.72,600,0.02,timeout
2292,-78.14,600,0.02,timeout
2293,221.63,600,0.02,success
2294,-57.69,49,0.02,enemy
2295,187.99,600,0.02,success
2296,-52.39,39,0.02,enemy
2297,190.72,600,0.02,success
2298,-56.91,50,0.02,enemy
2299,204.22,600,0.02,success
2300,-92.94,600,0.02,timeout
2301,200.53,600,0.02,success
2302,240.26,600,0.02,success
2303,-51.9,38,0.02,enemy
2304,243.01,600,0.02,success
2305,239.97,600,0.02,success
2306,236.64,600,0.02,success
2307,242.83,600,0.02,success
2308,224.63,600,0.02,success
2309,-52.09,39,0.02,enemy
2310,242.96,600,0.02,success
2311,-64.14,600,0.02,timeout
2312,-77.26,109,0.02,enemy
2313,-74.33,106,0.02,enemy
2314,185.36,600,0.02,success
2315,246.85,600,0.02,success
2316,-53.01,50,0.02,enemy
2317,238.64,600,0.02,success
2318,241.07,600,0.02,success
2319,230.62,600,0.02,success
2320,236.36,600,0.02,success
2321,229.25,600,0.02,success
2322,229.13,600,0.02,success
2323,231.51,600,0.02,success
2324,225.47,600,0.02,success
2325,240.22,600,0.02,success
2326,231.37,600,0.02,success
2327,-63.14,600,0.02,timeout
2328,227.19,600,0.02,success
2329,-39.76,600,0.02,timeout
2330,-79.37,115,0.02,enemy
2331,229.31,600,0.02,success
2332,-51.11,40,0.02,enemy
2333,159.26,354,0.02,success
2334,220.1,600,0.02,success
2335,235.37,600,0.02,success
2336,230.33,600,0.02,success
2337,238.78,600,0.02,success
2338,247.31,600,0.02,success
2339,214.69,600,0.02,success
2340,238.16,600,0.02,success
2341,-52.28,42,0.02,enemy
2342,233.68,600,0.02,success
2343,221.67,600,0.02,success
2344,240.88,600,0.02,success
2345,252.09,600,0.02,success
2346,255.44,600,0.02,success
2347,236.51,600,0.02,success
2348,-103.79,47,0.02,enemy
2349,-105.89,49,0.02,enemy
2350,-103.26,47,0.02,enemy
2351,-104.37,46,0.02,enemy
2352,-104.87,48,0.02,enemy
2353,-104.3,46,0.02,enemy
2354,-103.78,39,0.02,enemy
2355,-103.89,48,0.02,enemy
2356,-103.56,47,0.02,enemy
2357,233.46,600,0.02,success
2358,167.64,421,0.02,success
2359,-47.28,600,0.02,timeout
2360,-96.6,238,0.02,enemy
2361,-73.55,107,0.02,enemy
2362,-100.1,1,0.02,enemy
2363,233.64,600,0.02,success
2364,-51.85,39,0.02,enemy
2365,212.96,600,0.02,success
2366,190.69,600,0.02,success
2367,-81.03,600,0.02,timeout
2368,213.36,600,0.02,success
2369,211.42,600,0.02,success
2370,245.41,600,0.02,success
2371,220.75,600,0.02,success
2372,218.93,600,0.02,success
2373,236.79,600,0.02,success
2374,239.76,600,0.02,success
2375,-52.71,50,0.02,enemy
2376,225.43,600,0.02,success
2377,-51.61,39,0.02,enemy
2378,246.53,600,0.02,success
2379,248.33,600,0.02,success
2380,221.97,600,0.02,success
2381,249.3,600,0.02,success
2382,241.51,600,0.02,success
2383,219.96,600,0.02,success
2384,-50.71,39,0.02,enemy
2385,229.46,600,0.02,success
2386,210.17,600,0.02,success
2387,228.13,600,0.02,success
2388,256.27,600,0.02,success
2389,-52.39,39,0.02,enemy
2390,242.96,600,0.02,success
2391,215.13,600,0.02,success
2392,-52.58,600,0.02,timeout
2393,236.91,600,0.02,success
2394,-416.61,600,0.02,timeout
2395,157.51,600,0.02,success
2396,-81.55,239,0.02,enemy
2397,-70.65,115,0.02,enemy
2398,-85.99,234,0.02,enemy
2399,123.66,600,0.02,success
2400,236.67,600,0.02,success
2401,231.86,600,0.02,success
2402,-38.82,600,0.02,timeout
2403,230.71,600,0.02,success
2404,-105.51,423,0.02,enemy
2405,-232.61,567,0.02,enemy
2406,-56.99,103,0.02,enemy
2407,-63.57,95,0.02,enemy
2408,-105.05,189,0.02,enemy
2409,-64.6,141,0.02,enemy
2410,-101.0,144,0.02,enemy
2411,-61.72,95,0.02,enemy
2412,-104.47,155,0.02,enemy
2413,-110.72,207,0.02,enemy
2414,-57.64,86,0.02,enemy
2415,-127.89,208,0.02,enemy
2416,-66.98,150,0.02,enemy
2417,-63.02,88,0.02,enemy
2418,-61.65,105,0.02,enemy
2419,-164.74,266,0.02,enemy
2420,-129.39,238,0.02,enemy
2421,217.39,600,0.02,success
2422,-78.51,118,0.02,enemy
2423,-87.78,112,0.02,enemy
2424,236.23,600,0.02,success
2425,249.54,600,0.02,success
2426,-134.95,468,0.02,enemy
2427,181.58,600,0.02,success
2428,-160.64,536,0.02,enemy
2429,224.62,600,0.02,success
2430,-81.81,600,0.02,timeout
2431,200.45,600,0.02,success
2432,-112.2,600,0.02,timeout
2433,128.02,600,0.02,success
2434,-213.45,600,0.02,timeout
2435,185.92,600,0.02,success
2436,92.99,600,0.02,success
2437,218.73,600,0.02,success
2438,-49.07,39,0.02,enemy
2439,210.46,600,0.02,success
2440,-49.07,39,0.02,enemy
2441,206.19,600,0.02,success
2442,-48.83,39,0.02,enemy
2443,-140.5,600,0.02,timeout
2444,-147.82,600,0.02,timeout
2445,-184.68,600,0.02,timeout
2446,-191.74,600,0.02,timeout
2447,-120.44,600,0.02,timeout
2448,-299.12,600,0.02,timeout
2449,-204.33,600,0.02,timeout
2450,-85.81,600,0.02,timeout
2451,-148.38,600,0.02,timeout
2452,-86.44,180,0.02,enemy
2453,-67.03,600,0.02,timeout
2454,-76.23,114,0.02,enemy
2455,-130.98,600,0.02,timeout
2456,-76.91,600,0.02,timeout
2457,-96.99,600,0.02,timeout
2458,196.59,600,0.02,success
2459,167.87,600,0.02,success
2460,-50.04,39,0.02,enemy
2461,243.23,600,0.02,success
2462,-49.07,39,0.02,enemy
2463,243.06,600,0.02,success
2464,-49.47,43,0.02,enemy
2465,183.85,600,0.02,success
2466,-47.15,39,0.02,enemy
2467,-14.07,600,0.02,success
2468,-48.59,39,0.02,enemy
2469,-270.94,600,0.02,timeout
2470,-77.18,124,0.02,enemy
2471,-77.05,127,0.02,enemy
2472,-63.98,119,0.02,enemy
2473,-144.53,600,0.02,timeout
2474,-55.49,600,0.02,timeout
2475,-87.7,600,0.02,timeout
2476,-63.18,600,0.02,timeout
2477,-82.89,600,0.02,timeout
2478,-60.95,600,0.02,timeout
2479,-67.45,600,0.02,timeout
2480,-73.54,600,0.02,timeout
2481,226.25,600,0.02,success
2482,-237.06,417,0.02,enemy
2483,-95.35,184,0.02,enemy
2484,-66.45,75,0.02,enemy
2485,-100.1,1,0.02,enemy
2486,-61.45,75,0.02,enemy
2487,0.0,1,0.02,enemy
2488,-109.55,600,0.02,timeout
2489,-65.19,600,0.02,timeout
2490,-115.22,600,0.02,timeout
2491,-38.23,600,0.02,timeout
2492,-93.04,600,0.02,timeout
2493,-88.53,600,0.02,timeout
2494,-71.14,600,0.02,timeout
2495,-75.75,132,0.02,enemy
2496,-110.62,600,0.02,timeout
2497,-47.48,600,0.02,timeout
2498,-39.56,600,0.02,timeout
2499,-84.55,177,0.02,enemy
2500,-102.63,361,0.02,enemy
2501,-43.84,600,0.02,timeout
2502,-49.14,600,0.02,timeout
2503,-131.67,591,0.02,enemy
2504,-101.84,171,0.02,enemy
2505,-84.85,239,0.02,enemy
2506,-100.1,1,0.02,enemy
2507,-69.53,179,0.02,enemy
2508,-70.1,600,0.02,timeout
2509,-48.06,600,0.02,timeout
2510,-49.98,600,0.02,timeout
2511,-51.32,600,0.02,timeout
2512,-67.7,600,0.02,timeout
2513,-73.1,600,0.02,timeout
2514,-44.35,600,0.02,timeout
2515,-58.42,600,0.02,timeout
2516,-71.76,600,0.02,timeout
2517,-118.78,600,0.02,timeout
2518,-66.47,600,0.02,timeout
2519,-72.38,600,0.02,timeout
2520,-57.82,600,0.02,timeout
2521,-85.47,600,0.02,timeout
2522,-71.35,600,0.02,timeout
2523,-49.44,600,0.02,timeout
2524,-42.46,600,0.02,timeout
2525,-61.68,600,0.02,timeout
2526,-69.08,600,0.02,timeout
2527,-67.98,600,0.02,timeout
2528,220.44,600,0.02,success
2529,-55.91,600,0.02,timeout
2530,-54.38,600,0.02,timeout
2531,-54.46,600,0.02,timeout
2532,-70.62,600,0.02,timeout
2533,-76.2,600,0.02,timeout
2534,-69.82,600,0.02,timeout
2535,-73.0,600,0.02,timeout
2536,-75.38,600,0.02,timeout
2537,232.15,600,0.02,success
2538,-104.46,68,0.02,enemy
2539,-110.66,102,0.02,enemy
2540,-108.7,81,0.02,enemy
2541,-47.38,600,0.02,timeout
2542,-70.38,600,0.02,timeout
2543,-92.71,230,0.02,enemy
2544,-100.1,1,0.02,enemy
2545,-77.48,600,0.02,timeout
2546,-93.53,361,0.02,enemy
2547,-90.55,228,0.02,enemy
2548,-57.41,600,0.02,timeout
2549,-88.8,600,0.02,timeout
2550,-79.99,600,0.02,timeout
2551,-69.53,600,0.02,timeout
2552,-135.03,424,0.02,enemy
2553,-68.12,600,0.02,timeout
2554,-113.85,427,0.02,enemy
2555,-105.31,476,0.02,enemy
2556,-100.84,1,0.02,enemy
2557,-45.88,600,0.02,timeout
2558,-67.64,600,0.02,timeout
2559,-73.16,600,0.02,timeout
2560,-43.04,600,0.02,timeout
2561,-90.9,600,0.02,timeout
2562,-45.57,600,0.02,timeout
2563,-72.72,600,0.02,timeout
2564,-46.2,600,0.02,timeout
2565,-43.94,600,0.02,timeout
2566,-58.54,600,0.02,timeout
2567,-50.87,600,0.02,timeout
2568,-50.87,600,0.02,timeout
2569,-66.3,600,0.02,timeout
2570,-47.4,600,0.02,timeout
2571,-44.64,600,0.02,timeout
2572,-90.04,600,0.02,timeout
2573,-79.99,600,0.02,timeout
2574,-80.3,600,0.02,timeout
2575,-65.74,600,0.02,timeout
2576,-81.35,600,0.02,timeout
2577,-86.58,600,0.02,timeout
2578,-91.28,600,0.02,timeout
2579,-60.03,111,0.02,enemy
2580,-79.48,600,0.02,timeout
2581,-83.84,600,0.02,timeout
2582,-53.78,600,0.02,timeout
2583,-55.19,600,0.02,timeout
2584,-49.47,600,0.02,timeout
2585,-54.64,600,0.02,timeout
2586,-79.2,600,0.02,timeout
2587,-39.18,600,0.02,timeout
2588,-72.75,600,0.02,timeout
2589,-72.94,600,0.02,timeout
2590,-66.68,600,0.02,timeout
2591,-78.24,600,0.02,timeout
2592,-70.65,600,0.02,timeout
2593,-73.78,600,0.02,timeout
2594,-54.21,600,0.02,timeout
2595,-44.32,600,0.02,timeout
2596,-73.78,600,0.02,timeout
2597,-64.41,600,0.02,timeout
2598,-148.46,548,0.02,enemy
2599,-112.46,310,0.02,enemy
2600,-81.38,600,0.02,timeout
2601,-72.14,110,0.02,enemy
2602,-100.1,1,0.02,enemy
2603,-53.18,600,0.02,timeout
2604,-67.92,600,0.02,timeout
2605,-60.12,600,0.02,timeout
2606,-39.76,600,0.02,timeout
2607,-83.81,293,0.02,enemy
2608,-100.1,1,0.02,enemy
2609,-70.34,600,0.02,timeout
2610,-173.22,600,0.02,timeout
2611,-79.95,600,0.02,timeout
2612,-24.65,600,0.02,timeout
2613,-118.75,409,0.02,enemy
2614,-56.94,180,0.02,enemy
2615,-29.92,600,0.02,timeout
2616,-45.06,600,0.02,timeout
2617,-81.54,600,0.02,timeout
2618,-86.87,600,0.02,timeout
2619,-32.16,600,0.02,timeout
2620,-49.17,600,0.02,timeout
2621,-83.05,600,0.02,timeout
2622,-51.02,600,0.02,timeout
2623,-59.65,600,0.02,timeout
2624,-70.83,600,0.02,timeout
2625,-53.08,600,0.02,timeout
2626,-102.99,600,0.02,timeout
2627,-70.48,600,0.02,timeout
2628,-67.78,600,0.02,timeout
2629,197.21,600,0.02,success
2630,-41.85,600,0.02,timeout
2631,-68.58,600,0.02,timeout
2632,-89.51,600,0.02,timeout
2633,-91.58,600,0.02,timeout
2634,-43.91,600,0.02,timeout
2635,-51.94,600,0.02,timeout
2636,-58.63,600,0.02,timeout
2637,-78.88,600,0.02,timeout
2638,-126.99,300,0.02,enemy
2639,-104.49,44,0.02,enemy
2640,-95.98,600,0.02,timeout
2641,-59.25,600,0.02,timeout
2642,-79.94,600,0.02,timeout
2643,-45.37,600,0.02,timeout
2644,-148.32,586,0.02,enemy
2645,-87.28,355,0.02,enemy
2646,-80.03,600,0.02,timeout
2647,-79.94,600,0.02,timeout
2648,-58.11,600,0.02,timeout
2649,-79.97,600,0.02,timeout
2650,-101.14,63,0.02,enemy
2651,-115.36,189,0.02,enemy
2652,-305.4,600,0.02,timeout
2653,-296.4,600,0.02,timeout
2654,-346.01,600,0.02,timeout
2655,-259.85,600,0.02,timeout
2656,-79.94,600,0.02,timeout
2657,-331.91,600,0.02,timeout
2658,-375.45,600,0.02,timeout
2659,-376.2,600,0.02,timeout
2660,-46.2,600,0.02,timeout
2661,-79.94,600,0.02,timeout
2662,-80.04,600,0.02,timeout
2663,-26.32,600,0.02,timeout
2664,-55.79,600,0.02,timeout
2665,-106.46,600,0.02,timeout
2666,-37.68,600,0.02,timeout
2667,-42.76,600,0.02,timeout
2668,-51.4,600,0.02,timeout
2669,218.14,600,0.02,success
2670,-63.48,600,0.02,timeout
2671,-60.12,600,0.02,timeout
2672,-62.52,600,0.02,timeout
2673,-69.3,600,0.02,timeout
2674,-39.03,600,0.02,timeout
2675,-90.86,349,0.02,enemy
2676,-44.37,600,0.02,timeout
2677,-78.36,288,0.02,enemy
2678,234.53,600,0.02,success
2679,-64.38,600,0.02,timeout
2680,-65.84,600,0.02,timeout
2681,-74.58,600,0.02,timeout
2682,-62.79,122,0.02,enemy
2683,-62.14,600,0.02,timeout
2684,-87.37,288,0.02,enemy
2685,-56.95,600,0.02,timeout
2686,-53.68,600,0.02,timeout
2687,-66.46,600,0.02,timeout
2688,-68.7,600,0.02,timeout
2689,-50.58,600,0.02,timeout
2690,-50.56,600,0.02,timeout
2691,-57.67,600,0.02,timeout
2692,-70.85,600,0.02,timeout
2693,-80.71,600,0.02,timeout
2694,-60.66,600,0.02,timeout
2695,-65.96,600,0.02,timeout
2696,-54.88,600,0.02,timeout
2697,-91.65,600,0.02,timeout
2698,-68.12,600,0.02,timeout
2699,-104.74,600,0.02,timeout
2700,-59.5,600,0.02,timeout
2701,-76.67,600,0.02,timeout
2702,-64.73,600,0.02,timeout
2703,-100.8,600,0.02,timeout
2704,-54.94,600,0.02,timeout
2705,-64.97,600,0.02,timeout
2706,-64.39,600,0.02,timeout
2707,-65.89,600,0.02,timeout
2708,-45.3,600,0.02,timeout
2709,-77.3,600,0.02,timeout
2710,-47.37,600,0.02,timeout
2711,-79.77,238,0.02,enemy
2712,-100.1,1,0.02,enemy
2713,-49.17,600,0.02,timeout
2714,-70.38,600,0.02,timeout
2715,-65.52,600,0.02,timeout
2716,-106.61,600,0.02,timeout
2717,-46.48,600,0.02,timeout
2718,-96.68,288,0.02,enemy
2719,-114.05,304,0.02,enemy
2720,-110.95,299,0.02,enemy
2721,-141.04,528,0.02,enemy
2722,-67.95,600,0.02,timeout
2723,-77.26,600,0.02,timeout
2724,215.28,600,0.02,success
2725,-59.88,600,0.02,timeout
2726,-64.86,600,0.02,timeout
2727,223.12,600,0.02,success
2728,-68.23,600,0.02,timeout
2729,-47.59,600,0.02,timeout
2730,-69.96,600,0.02,timeout
2731,-82.01,600,0.02,timeout
2732,-36.31,600,0.02,timeout
2733,-63.29,600,0.02,timeout
2734,-50.54,600,0.02,timeout
2735,-90.73,349,0.02,enemy
2736,-87.84,169,0.02,enemy
2737,-66.65,166,0.02,enemy
2738,-43.17,600,0.02,timeout
2739,-86.88,179,0.02,enemy
2740,-68.17,169,0.02,enemy
2741,-143.38,230,0.02,enemy
2742,-100.14,1,0.02,enemy
2743,-78.14,170,0.02,enemy
2744,-100.1,1,0.02,enemy
2745,-116.86,409,0.02,enemy
2746,-76.74,170,0.02,enemy
2747,-100.1,1,0.02,enemy
2748,-51.74,600,0.02,timeout
2749,-73.74,600,0.02,timeout
2750,-66.78,600,0.02,timeout
2751,-76.21,600,0.02,timeout
2752,-59.6,600,0.02,timeout
2753,-49.78,600,0.02,timeout
2754,230.66,600,0.02,success
2755,233.39,600,0.02,success
2756,-48.88,600,0.02,timeout
2757,-127.55,600,0.02,timeout
2758,-112.65,600,0.02,timeout
2759,-34.64,600,0.02,timeout
2760,-60.61,110,0.02,enemy
2761,-67.36,172,0.02,enemy
2762,-35.54,600,0.02,timeout
2763,-34.56,600,0.02,timeout
2764,-38.07,600,0.02,timeout
2765,224.65,600,0.02,success
2766,-70.65,600,0.02,timeout
2767,227.91,600,0.02,success
2768,-49.47,43,0.02,enemy
2769,-64.95,600,0.02,timeout
2770,-62.95,600,0.02,timeout
2771,-81.98,600,0.02,timeout
2772,-62.36,600,0.02,timeout
2773,-41.09,600,0.02,timeout
2774,-115.05,600,0.02,timeout
2775,-39.16,600,0.02,timeout
2776,-62.48,600,0.02,timeout
2777,-42.19,600,0.02,timeout
2778,-51.18,600,0.02,timeout
2779,-75.07,232,0.02,enemy
2780,-72.38,600,0.02,timeout
2781,-127.14,600,0.02,timeout
2782,-136.13,589,0.02,enemy
2783,-100.1,1,0.02,enemy
2784,-87.45,600,0.02,timeout
2785,-54.55,600,0.02,timeout
2786,-56.25,600,0.02,timeout
2787,-90.28,600,0.02,timeout
2788,-79.0,600,0.02,timeout
2789,-89.34,169,0.02,enemy
2790,-100.2,1,0.02,enemy
2791,-60.37,112,0.02,enemy
2792,-116.26,409,0.02,enemy
2793,-80.02,600,0.02,timeout
2794,-51.09,600,0.02,timeout
2795,-268.0,600,0.02,timeout
2796,-84.08,600,0.02,timeout
2797,-87.45,600,0.02,timeout
2798,-84.17,600,0.02,timeout
2799,-89.12,600,0.02,timeout
2800,-80.28,600,0.02,timeout
2801,-45.72,600,0.02,timeout
2802,-45.49,600,0.02,timeout
2803,-83.62,600,0.02,timeout
2804,-79.99,600,0.02,timeout
2805,-85.75,600,0.02,timeout
2806,-53.41,600,0.02,timeout
2807,-87.53,600,0.02,timeout
2808,-85.75,600,0.02,timeout
2809,-33.71,600,0.02,timeout
2810,-84.16,600,0.02,timeout
2811,-79.94,600,0.02,timeout
2812,-79.95,600,0.02,timeout
2813,-79.97,600,0.02,timeout
2814,-80.27,600,0.02,timeout
2815,-80.07,600,0.02,timeout
2816,-80.27,600,0.02,timeout
2817,-80.28,600,0.02,timeout
2818,-80.43,600,0.02,timeout
2819,-80.06,600,0.02,timeout
2820,-87.48,600,0.02,timeout
2821,-87.5,600,0.02,timeout
2822,-87.68,600,0.02,timeout
2823,-80.71,600,0.02,timeout
2824,-84.09,600,0.02,timeout
2825,-75.24,600,0.02,timeout
2826,-82.45,600,0.02,timeout
2827,-40.3,600,0.02,timeout
2828,-134.61,419,0.02,enemy
2829,-100.14,1,0.02,enemy
2830,-80.43,600,0.02,timeout
2831,-80.71,600,0.02,timeout
2832,-80.71,600,0.02,timeout
2833,-80.71,600,0.02,timeout
2834,-80.71,600,0.02,timeout
2835,-80.71,600,0.02,timeout
2836,-80.43,600,0.02,timeout
2837,-80.71,600,0.02,timeout
2838,-80.71,600,0.02,timeout
2839,-80.71,600,0.02,timeout
2840,-80.71,600,0.02,timeout
2841,-80.71,600,0.02,timeout
2842,-45.55,600,0.02,timeout
2843,-86.69,358,0.02,enemy
2844,-100.1,1,0.02,enemy
2845,-132.53,343,0.02,enemy
2846,-105.27,52,0.02,enemy
2847,249.95,600,0.02,success
2848,-112.02,183,0.02,enemy
2849,-103.63,43,0.02,enemy
2850,-103.57,44,0.02,enemy
2851,-102.26,52,0.02,enemy
2852,-73.07,600,0.02,timeout
2853,-80.06,600,0.02,timeout
2854,-79.95,600,0.02,timeout
2855,-79.97,600,0.02,timeout
2856,-79.94,600,0.02,timeout
2857,-80.01,600,0.02,timeout
2858,-79.96,600,0.02,timeout
2859,-50.35,600,0.02,timeout
2860,-61.54,600,0.02,timeout
2861,235.47,600,0.02,success
2862,-53.05,600,0.02,timeout
2863,-88.9,600,0.02,timeout
2864,-74.82,600,0.02,timeout
2865,-49.72,600,0.02,timeout
2866,-54.94,600,0.02,timeout
2867,-36.85,600,0.02,timeout
2868,-75.31,600,0.02,timeout
2869,-54.28,600,0.02,timeout
2870,-44.6,600,0.02,timeout
2871,-44.63,600,0.02,timeout
2872,-76.08,600,0.02,timeout
2873,-49.32,600,0.02,timeout
2874,-83.18,600,0.02,timeout
2875,-65.36,600,0.02,timeout
2876,-55.89,600,0.02,timeout
2877,-82.36,600,0.02,timeout
2878,-66.23,600,0.02,timeout
2879,-45.96,600,0.02,timeout
2880,-75.02,600,0.02,timeout
2881,-54.4,600,0.02,timeout
2882,-70.58,600,0.02,timeout
2883,236.03,600,0.02,success
2884,-60.15,600,0.02,timeout
2885,-45.12,600,0.02,timeout
2886,-64.65,600,0.02,timeout
2887,-77.68,600,0.02,timeout
2888,-74.14,600,0.02,timeout
2889,-72.75,600,0.02,timeout
2890,-81.08,600,0.02,timeout
2891,-72.46,600,0.02,timeout
2892,-74.71,600,0.02,timeout
2893,-94.93,305,0.02,enemy
2894,-94.83,243,0.02,enemy
2895,-72.44,600,0.02,timeout
2896,-59.6,600,0.02,timeout
2897,-36.27,600,0.02,timeout
2898,-73.81,179,0.02,enemy
2899,-58.66,600,0.02,timeout
2900,-67.75,600,0.02,timeout
2901,-66.75,600,0.02,timeout
2902,-74.28,600,0.02,timeout
2903,-94.18,600,0.02,timeout
2904,-75.44,600,0.02,timeout
2905,-87.4,600,0.02,timeout
2906,-60.22,600,0.02,timeout
2907,-55.19,600,0.02,timeout
2908,-58.86,600,0.02,timeout
2909,-50.0,600,0.02,timeout
2910,-56.98,600,0.02,timeout
2911,-39.82,600,0.02,timeout
2912,-59.64,600,0.02,timeout
2913,-44.76,600,0.02,timeout
2914,-50.49,600,0.02,timeout
2915,-144.59,600,0.02,timeout
2916,-67.62,600,0.02,timeout
2917,-44.31,600,0.02,timeout
2918,-50.1,600,0.02,timeout
2919,-48.07,600,0.02,timeout
2920,-51.27,600,0.02,timeout
2921,-59.67,600,0.02,timeout
2922,-81.15,600,0.02,timeout
2923,-90.28,600,0.02,timeout
2924,-70.57,600,0.02,timeout
2925,-71.29,600,0.02,timeout
2926,-48.18,600,0.02,timeout
2927,-55.56,600,0.02,timeout
2928,-74.67,600,0.02,timeout
2929,-51.64,600,0.02,timeout
2930,-48.2,600,0.02,timeout
2931,-69.77,600,0.02,timeout
2932,-79.58,600,0.02,timeout
2933,-44.6,600,0.02,timeout
2934,-74.37,600,0.02,timeout
2935,-46.94,600,0.02,timeout
2936,-42.32,600,0.02,timeout
2937,-44.94,600,0.02,timeout
2938,-74.47,600,0.02,timeout
2939,-73.79,116,0.02,enemy
2940,-44.54,600,0.02,timeout
2941,-69.67,179,0.02,enemy
2942,-76.28,600,0.02,timeout
2943,-63.9,600,0.02,timeout
2944,-41.94,600,0.02,timeout
2945,-40.81,600,0.02,timeout
2946,-49.25,600,0.02,timeout
2947,-85.1,600,0.02,timeout
2948,-59.38,600,0.02,timeout
2949,-49.94,600,0.02,timeout
2950,-59.55,600,0.02,timeout
2951,-55.27,600,0.02,timeout
2952,-62.62,600,0.02,timeout
2953,-55.0,600,0.02,timeout
2954,224.35,600,0.02,success
2955,-49.17,40,0.02,enemy
2956,218.33,600,0.02,success
2957,220.47,600,0.02,success
2958,-51.31,42,0.02,enemy
2959,-63.78,600,0.02,timeout
2960,-57.44,600,0.02,timeout
2961,-88.42,600,0.02,timeout
2962,217.47,600,0.02,success
2963,197.14,600,0.02,success
2964,201.05,600,0.02,success
2965,-72.25,600,0.02,timeout
2966,203.88,600,0.02,success
2967,-67.45,600,0.02,timeout
2968,-78.42,600,0.02,timeout
2969,-41.47,600,0.02,timeout
2970,-91.84,360,0.02,enemy
2971,-100.1,1,0.02,enemy
2972,-45.64,600,0.02,timeout
2973,-89.93,240,0.02,enemy
2974,-63.61,129,0.02,enemy
2975,-100.1,1,0.02,enemy
2976,245.23,600,0.02,success
2977,230.43,600,0.02,success
2978,232.54,600,0.02,success
2979,241.81,600,0.02,success
2980,226.15,600,0.02,success
2981,-49.27,41,0.02,enemy
2982,209.68,600,0.02,success
2983,-79.94,111,0.02,enemy
2984,-242.56,600,0.02,timeout
2985,235.84,600,0.02,success
2986,-49.9,40,0.02,enemy
2987,-79.94,600,0.02,timeout
2988,177.37,600,0.02,success
2989,-137.88,600,0.02,timeout
2990,-104.85,69,0.02,enemy
2991,-105.91,46,0.02,enemy
2992,-104.59,45,0.02,enemy
2993,-103.77,46,0.02,enemy
2994,-106.24,43,0.02,enemy
2995,-106.54,46,0.02,enemy
2996,-106.01,47,0.02,enemy
2997,-106.24,43,0.02,enemy
2998,-102.37,48,0.02,enemy
2999,217.58,600,0.02,success
3000,-245.63,600,0.02,timeout
